FantasyPlayerKey,PlayerID,Name,Team,Position,AverageDraftPosition,AverageDraftPositionPPR,ByeWeek,LastSeasonFantasyPoints,ProjectedFantasyPoints,AuctionValue,AuctionValuePPR
11056,11056,Antonio Brown,PIT,WR,1.5,1.7,8,277.5,263.4,73,78
14967,14967,Le'Veon Bell,PIT,RB,2.5,3.3,8,98.3,296.4,76,81
16771,16771,Todd Gurley,LA,RB,3.3,5.2,8,211.2,247.2,55,45
16389,16389,Odell Beckham Jr,NYG,WR,5,4.1,8,251.7,243.5,59,58
13291,13291,Julio Jones,ATL,WR,5.6,4.2,11,269.5,241.5,60,69
4807,4807,Adrian Peterson,MIN,RB,7,8.6,6,260,227.9,47,36
16847,16847,David Johnson,ARI,RB,7.8,7.4,9,195.9,253.6,60,60
14986,14986,DeAndre Hopkins,HOU,WR,8.1,6.5,9,248.1,213,46,49
10974,10974,Rob Gronkowski,NE,TE,9.5,10.3,9,206.9,186.1,48,50
11270,11270,Dez Bryant,DAL,WR,11.6,11.2,7,65.5,210.5,43,39
16263,16263,Allen Robinson,JAX,WR,11.8,10.1,5,252.4,186.7,29,25
7969,7969,Jamaal Charles,KC,RB,12.4,14.7,5,90.3,243.2,56,52
16524,16524,Devonta Freeman,ATL,RB,13.4,13.6,11,274.9,231.8,50,58
4556,4556,Jordy Nelson,GB,WR,14.2,15,4,259.1,215.7,45,43
13791,13791,Lamar Miller,HOU,RB,14.4,20.3,9,208.4,219.5,43,39
12845,12845,AJ Green,CIN,WR,14.7,12.8,9,211.5,194.3,36,34
14385,14385,Doug Martin,TB,RB,20.5,28.4,6,224.6,191.9,28,21
15138,15138,Eddie Lacy,GB,RB,20.8,31.2,4,135.9,207.6,36,25
14187,14187,Alshon Jeffery,CHI,WR,21.5,20.2,9,118,196.9,36,37
16765,16765,Amari Cooper,OAK,WR,23.9,25.9,10,158.6,167.6,23,23
13337,13337,Mark Ingram,NO,RB,24.3,25.1,5,172.9,217.7,41,45
11667,11667,Brandon Marshall,NYJ,WR,24.7,23,11,259.4,177.6,27,29
16597,16597,Mike Evans,TB,WR,25.6,22.7,6,153.9,175.4,25,25
17050,17050,Thomas Rawls,SEA,RB,25.8,30.9,5,133.7,201.6,30,21
16003,16003,Sammy Watkins,BUF,WR,26.1,27.4,10,179,196.9,34,31
15076,15076,Keenan Allen,SD,WR,27.2,18.9,11,106.5,162.3,20,30
2699,2699,Matt Forte,NYJ,RB,29.2,33.4,11,192.4,197.8,28,30
8355,8355,Julian Edelman,NE,WR,29.8,23.3,9,125.7,162.3,20,29
11932,11932,LeSean McCoy,BUF,RB,29.9,37.6,10,165.3,213.9,37,33
16867,16867,Jeremy Langford,CHI,RB,31.8,33.4,9,141.6,167.5,19,16
13320,13320,Cam Newton,CAR,QB,32.1,37.3,7,438.5,387.6,45,37
11197,11197,Demaryius Thomas,DEN,WR,32.3,28.7,11,183,167,21,25
13124,13124,DeMarco Murray,TEN,RB,34.1,42.6,13,158.2,159.8,15,13
16550,16550,Kelvin Benjamin,CAR,WR,34.7,34.9,7,172.2,167.7,23,22
2593,2593,Aaron Rodgers,GB,QB,34.9,45,4,339.5,360.9,37,30
16568,16568,Brandin Cooks,NO,WR,39.6,33.2,5,191.1,172.4,24,27
15071,15071,Latavius Murray,OAK,RB,39.8,50.4,10,184.6,168,20,16
14005,14005,TY Hilton,IND,WR,41.1,39.1,10,160.5,186.3,31,30
15100,15100,Jordan Reed,WAS,TE,41.6,37,9,177.2,166.3,30,43
16020,16020,Jarvis Landry,MIA,WR,43.2,26.6,8,179.6,158.6,18,27
15020,15020,CJ Anderson,DEN,RB,44.1,47.7,11,131.1,185.4,25,20
16668,16668,Carlos Hyde,SF,RB,44.3,49.4,8,79.2,176,21,15
13227,13227,Randall Cobb,GB,WR,46.3,41.4,4,146.4,159.9,20,22
12708,12708,Dion Lewis,NE,RB,49.7,44.7,9,94.9,156.3,15,23
5451,5451,Jonathan Stewart,CAR,RB,49.9,56.6,7,165.4,177.1,22,14
4314,4314,Tom Brady,NE,QB,52.7,61.2,9,387.3,255.6,0,1
14918,14918,Tyler Eifert,CIN,TE,53.1,56.9,9,157.2,129.3,16,13
14008,14008,Andrew Luck,IND,QB,53.3,56.9,10,147.5,337.6,23,20
13460,13460,Doug Baldwin,SEA,WR,53.4,52.2,5,215.1,177.1,25,25
1658,1658,Greg Olsen,CAR,TE,53.4,50.4,7,169.5,155,27,31
16112,16112,Jeremy Hill,CIN,RB,55.8,60.1,9,175,173.6,21,13
11611,11611,Golden Tate,DET,WR,57.9,57.5,10,134.6,152.5,16,23
16856,16856,Matt Jones,WAS,RB,57.9,63.2,9,107.5,156.8,1,1
8914,8914,Jeremy Maclin,KC,WR,59.3,49,5,175.7,165.7,22,24
14536,14536,Russell Wilson,SEA,QB,60.4,64.9,5,379,362.9,37,30
3807,3807,Ben Roethlisberger,PIT,QB,61.3,67.7,8,257.1,325.5,18,15
16253,16253,Allen Hurns,JAX,WR,61.3,69,5,181.6,136,9,9
11063,11063,Emmanuel Sanders,DEN,WR,65.9,59.4,11,167.2,159.1,19,21
14478,14478,Michael Floyd,ARI,WR,66.9,74.4,9,136.3,164.3,20,16
16776,16776,Melvin Gordon,SD,RB,66.9,70.2,11,84.9,147.1,12,10
15048,15048,Travis Kelce,KC,TE,68,69,5,132.4,140.3,13,20
16909,16909,Jay Ajayi,MIA,RB,68,74,8,40.2,162.5,18,12
12239,12239,Chris Ivory,JAX,RB,68.1,84.1,5,194.6,129.7,7,6
11256,11256,Ryan Mathews,PHI,RB,70.4,82,4,117.8,150.7,13,11
5571,5571,Larry Fitzgerald,ARI,WR,70.9,71.2,9,193.3,152.6,16,22
7175,7175,Delanie Walker,TEN,TE,73.5,62.9,13,169.5,128.5,15,20
11182,11182,Eric Decker,NYJ,WR,74,66.3,11,194.6,163.9,20,22
15974,15974,Jordan Matthews,PHI,WR,74.6,59.5,4,164.2,152.8,16,20
16797,16797,TJ Yeldon,JAX,RB,75.1,88.2,5,135.1,144.1,12,12
9369,9369,Justin Forsett,BAL,RB,76,76.4,8,103,150.8,13,12
14587,14587,Josh Gordon,CLE,WR,76,67.1,13,34.1,0,6,18
16245,16245,Blake Bortles,JAX,QB,76.7,75.6,5,356.3,297.9,4,3
8066,8066,Darren McFadden,DAL,RB,76.7,95.3,7,175.5,82,2,1
7242,7242,Drew Brees,NO,QB,77.3,79,5,342.8,322.3,15,12
16815,16815,Ameer Abdullah,DET,RB,78.6,83.4,10,103.7,146.1,11,9
14916,14916,Giovani Bernard,CIN,RB,83.7,82.5,9,149,152.8,12,14
2428,2428,Carson Palmer,ARI,QB,85.5,86.2,9,348.5,303.4,6,5
16640,16640,John Brown,ARI,WR,87.2,88.9,9,160.6,153.9,19,15
16775,16775,Devante Parker,MIA,WR,87.3,85.5,8,76,138.8,9,9
16830,16830,Tyler Lockett,SEA,WR,88.7,89,5,115.4,129.6,7,7
5820,5820,Frank Gore,IND,RB,89.7,100.1,10,179.6,175.6,22,18
16915,16915,Karlos Williams,BUF,RB,89.9,90.4,10,127.7,100.4,3,1
4577,4577,Gary Barnidge,CLE,TE,90.6,102,13,178.4,128.7,15,14
16311,16311,Derek Carr,OAK,QB,90.9,98.7,10,305.7,289.3,2,2
11488,11488,Jimmy Graham,SEA,TE,90.9,86.4,5,81.7,132.6,13,14
3943,3943,DeSean Jackson,WAS,WR,94,100.2,9,84.3,143.6,10,9
4358,4358,Steve Smith,BAL,WR,95.2,105.4,8,95.8,128.3,7,9
12317,12317,Danny Woodhead,SD,RB,95.3,67.6,11,183.8,158.5,15,27
16838,16838,Duke Johnson,CLE,RB,95.6,94.6,13,116.4,154.8,13,19
8244,8244,Philip Rivers,SD,QB,96,126.7,11,320.7,297.3,5,4
16768,16768,Kevin White,CHI,WR,96.6,96.5,9,,129.4,7,7
13027,13027,Julius Thomas,JAX,TE,99.6,95.8,5,85.1,100.1,4,4
9331,9331,Michael Crabtree,OAK,WR,100.4,90,10,164.8,146.6,13,19
16232,16232,Donte Moncrief,IND,WR,102.7,103,10,123.2,157,16,18
7580,7580,DeAngelo Williams,PIT,RB,107.9,114.7,8,215.7,91.1,2,1
13997,13997,Coby Fleener,NO,TE,108.4,121.6,5,77.9,140.1,6,10
14856,14856,Zach Ertz,PHI,TE,108.6,94.6,4,107.4,126.2,5,9
16801,16801,Dorial Green-Beckham,TEN,WR,109.8,110.7,13,91.2,106.2,1,1
12841,12841,Andy Dalton,CIN,QB,113.3,114.6,9,275.2,303.6,7,6
8649,8649,Rashad Jennings,NYG,RB,114.2,110.6,8,153.2,163,15,12
16886,16886,Javorius Allen,BAL,RB,114.4,113.8,8,113.5,84,2,1
DEN,49,Denver Broncos,DEN,DEF,115.4,117.2,11,190.5,126.2,2,2
16906,16906,Stefon Diggs,MIN,WR,116,116.1,6,109.7,137.7,9,10
16834,16834,Tevin Coleman,ATL,RB,116.3,120.1,11,45.8,77.8,2,1
4932,4932,Eli Manning,NYG,QB,117.4,121.4,8,324.1,303.1,9,7
13887,13887,Travis Benjamin,SD,WR,120.1,122.6,11,139.5,134,9,7
ARI,1,Arizona Cardinals,ARI,DEF,121.8,129,9,188.2,118.3,0,1
14122,14122,Ladarius Green,PIT,TE,122.2,147.6,8,79.9,120.8,7,7
13870,13870,Marvin Jones,DET,WR,124.1,129.2,10,122.7,133.8,7,10
14252,14252,Kirk Cousins,WAS,QB,124.5,127.6,9,330.7,301.5,5,4
16127,16127,Isaiah Crowell,CLE,RB,125,133.7,13,133.9,137.6,9,6
3867,3867,Tony Romo,DAL,QB,126.1,134.5,7,45.8,293,3,3
SEA,90,Seattle Seahawks,SEA,DEF,127.7,127.9,5,178.1,120.6,1,1
16609,16609,Charles Sims,TB,RB,127.7,113.5,6,145.4,137.4,9,12
14973,14973,Markus Wheaton,PIT,WR,128.3,135.7,8,120.5,121.8,6,6
CAR,5,Carolina Panthers,CAR,DEF,128.5,126.8,7,184.8,130.7,2,2
12296,12296,LeGarrette Blount,NE,RB,129.6,152.5,9,131.4,157.6,13,7
12800,12800,Bilal Powell,NYJ,RB,131.6,129.4,11,99.3,114.5,5,6
KC,55,Kansas City Chiefs,KC,DEF,133.2,148.5,5,191.6,125.1,1,1
7884,7884,Antonio Gates,SD,TE,134,163,11,104.8,119.2,11,10
15215,15215,Tavon Austin,LA,WR,135.5,134.2,8,158.6,118.3,4,4
16146,16146,Martavis Bryant,PIT,WR,135.5,80.8,8,135.5,0,1,1
16307,16307,Charcandrick West,KC,RB,135.6,143.5,5,127.1,74.2,0,0
16763,16763,Marcus Mariota,TEN,QB,135.7,120.7,13,236.7,275.5,0,1
HOU,13,Houston Texans,HOU,DEF,137.3,144.1,9,167.9,121.7,1,1
16787,16787,Breshad Perriman,BAL,WR,140.3,135.2,8,0,99.4,0,1
16608,16608,Austin Seferian-Jenkins,TB,TE,141,124.2,6,65.1,80.8,0,1
12831,12831,Tyrod Taylor,BUF,QB,142.3,150.3,10,305,308.8,10,9
16510,16510,Jerick McKinnon,MIN,RB,143.4,132.1,6,70.3,102.2,4,4
12246,12246,Victor Cruz,NYG,WR,143.5,154.3,8,0,87.7,0,1
6828,6828,Chris Johnson,ARI,RB,145.8,184,9,114.1,74.5,1,0
732,732,Matt Ryan,ATL,QB,147.1,140.2,11,263.7,280.3,0,1
3519,3519,Vincent Jackson,TB,WR,149,143.8,6,83.7,112,3,3
16762,16762,Jameis Winston,TB,QB,149.2,141.7,6,309.9,287.6,2,2
8529,8529,Mike Wallace,BAL,WR,149.6,178.3,8,67.5,104.2,0,1
14046,14046,Ronnie Hillman,DEN,RB,150.2,139.6,11,154.8,73.4,0,0
LA,32,Los Angeles Rams,LA,DEF,151.1,153,8,152.1,122.8,1,1
2982,2982,Stephen Gostkowski,NE,K,151.7,161.2,9,179.2,160,1,1
15126,15126,Theo Riddick,DET,RB,152,119.9,10,111.6,135.2,9,16
12506,12506,James Starks,GB,RB,153.6,163.1,4,139,118,6,5
9038,9038,Matthew Stafford,DET,QB,154.5,157.7,10,326.6,310.8,10,7
NE,21,New England Patriots,NE,DEF,154.8,178.9,9,144.3,105.9,0,1
NYJ,82,New York Jets,NYJ,DEF,155.3,159,11,129.6,112.7,0,1
16898,16898,David Cobb,TEN,RB,158.1,168.1,13,23,36.5,0,0
MIN,67,Minnesota Vikings,MIN,DEF,158.9,165.3,6,156.7,124,1,1
16802,16802,Devin Funchess,CAR,WR,159.9,160.6,7,84.9,83.5,0,1
12722,12722,Kamar Aiken,BAL,WR,160.7,158.2,8,137.9,66.2,0,1
16934,16934,Cameron Artis-Payne,CAR,RB,161.8,185.8,7,33.9,78.1,0,0
13878,13878,Mohamed Sanu,ATL,WR,161.9,166,11,65.9,95.8,0,1
16189,16189,Alfred Blue,HOU,RB,165.4,190.6,9,109,59.4,0,1
14053,14053,Brock Osweiler,HOU,QB,166.8,177.3,9,131.6,274,0,1
CIN,7,Cincinnati Bengals,CIN,DEF,172.3,164.2,9,149.9,102.6,0,1
16451,16451,Eric Ebron,DET,TE,172.5,156.2,10,94.3,100.1,3,3
13799,13799,Ryan Tannehill,MIA,QB,173.1,165.9,8,290.1,275.4,0,1
6198,6198,Darren Sproles,PHI,RB,173.2,160.5,4,106.5,113.6,5,9
16781,16781,Nelson Agholor,PHI,WR,173.6,161.9,4,36.4,80,0,1
13987,13987,Dwayne Allen,IND,TE,175.5,180.3,10,19.2,97,3,2
16790,16790,Phillip Dorsett,IND,WR,177.5,179,10,31.8,104.7,1,2
2262,2262,Tim Hightower,NO,RB,177.6,158.6,5,83.8,91.6,3,2
13957,13957,Kendall Wright,TEN,WR,177.7,170.2,13,68.2,94.1,0,1
12830,12830,Torrey Smith,SF,WR,178.3,193.4,8,104,120.7,5,3
10333,10333,Graham Gano,CAR,K,180.4,188.1,7,169,148.8,1,1
16922,16922,Kenny Bell,TB,WR,182.9,835.1,6,,43.5,1,1
12594,12594,Steven Hauschka,SEA,K,183,199,5,156.7,146.5,1,1
16480,16480,Jeff Janis,GB,WR,183.3,207,4,8.9,57.9,0,0
12415,12415,Zach Miller,CHI,TE,183.5,190,9,83.3,108.3,5,5
611,611,Joe Flacco,BAL,QB,184.3,179.3,8,182.5,282.1,1,1
13788,13788,Rishard Matthews,TEN,WR,188,179.3,13,102.1,87.1,0,1
8283,8283,Ryan Fitzpatrick,,QB,188.2,180.3,,321.4,0,1,1
15102,15102,Chris Thompson,WAS,RB,188.2,206.4,9,64.9,78.4,0,2
15256,15256,Christine Michael,SEA,RB,188.5,202.2,5,29.2,79,1,1
OAK,83,Oakland Raiders,OAK,DEF,188.9,209.8,10,109.3,116.1,0,1
8703,8703,Kyle Orton,,QB,189.3,181.4,,198.5,,1,1
722,722,Jason Witten,DAL,TE,189.3,198.8,7,98.4,118,4,10
6029,6029,Calvin Johnson,,WR,190.5,182.6,,195.4,0,1,1
8358,8358,Brian Hoyer,CHI,QB,191.6,183.7,9,187.8,20.2,1,1
14688,14688,Justin Tucker,BAL,K,192.6,195.4,8,153.3,151,1,1
6302,6302,James Jones,,WR,192.7,184.8,,158.9,,1,1
12109,12109,Ted Ginn,CAR,WR,193.8,186,7,157.7,80.2,0,1
16470,16470,Davante Adams,GB,WR,194.4,197.6,4,63.5,60,0,1
5282,5282,Josh McCown,CLE,QB,195,187.1,13,148.9,39.4,1,1
8972,8972,Jay Cutler,CHI,QB,195.1,193.4,9,255.2,266,0,1
16427,16427,Ka'Deem Carey,CHI,RB,195.1,210.1,9,38.1,49.8,0,1
12982,12982,Blaine Gabbert,SF,QB,196.1,188.2,8,146.2,166.3,0,1
14996,14996,Brandon McManus,DEN,K,196.3,206.7,11,152.1,143.1,1,1
BUF,37,Buffalo Bills,BUF,DEF,197.1,185.5,10,109.3,109.3,0,1
3931,3931,Rashard Mendenhall,,RB,197.2,189.3,,142.1,,1,1
9906,9906,Danny Amendola,NE,WR,197.3,208.4,9,93.9,48.6,0,1
11735,11735,Mike Nugent,CIN,K,198.4,190.5,9,136.4,133,0,1
547,547,Ray Rice,,RB,199.5,191.6,,135.4,,1,1
16920,16920,Jesse James,PIT,TE,199.6,497,8,15.3,60.4,0,1
DAL,48,Dallas Cowboys,DAL,DEF,199.7,39.9,7,83.4,99.2,0,1
10949,10949,CJ Spiller,NO,RB,199.8,184.4,5,53.1,50.9,0,1
14731,14731,Lance Dunbar,DAL,RB,200,170.7,7,31.8,0,0,1
14867,14867,Dustin Hopkins,WAS,K,200.6,192.7,9,133,124,1,1
16644,16644,Chandler Catanzaro,ARI,K,200.9,203.3,9,154.4,142,1,1
11756,11756,Benjamin Watson,BAL,TE,201.7,193.8,8,131.3,44,1,1
16056,16056,James White,NE,RB,201.8,216.7,9,93.1,0,1,0
2950,2950,Steve Johnson,SD,WR,201.8,208.6,11,76.3,88,0,1
13002,13002,Cecil Shorts,HOU,WR,202,246.8,9,76.6,74,0,1
17215,17215,Jason Myers,JAX,K,202.9,195,5,130.7,121.7,1,1
12861,12861,Jordan Cameron,MIA,TE,203.1,202.1,8,63.8,98.6,0,1
17023,17023,Zach Zenner,DET,RB,203.1,219.2,10,8,66.9,0,0
6767,6767,Pierre Garcon,WAS,WR,203.3,191.4,9,128.1,102.7,0,2
16497,16497,Teddy Bridgewater,MIN,QB,203.6,214.6,6,225.9,256.3,0,1
15224,15224,Andre Ellington,ARI,RB,203.6,202.7,9,67.3,60.6,0,0
12751,12751,Charles Clay,BUF,TE,203.8,216.2,10,79.8,95.3,1,2
462,462,BenJarvus Green-Ellis,,RB,204,196.1,,130.5,,1,1
16866,16866,Jamison Crowder,WAS,WR,204,205.7,9,84.1,51.7,1,0
16829,16829,Clive Walford,OAK,TE,204.4,205.6,10,57.4,83.5,0,1
DET,11,Detroit Lions,DET,DEF,204.8,32,10,107.1,116.1,0,1
16141,16141,Willie Snead,NO,WR,205.1,197.2,5,128.9,125.7,7,10
6739,6739,Alex Smith,KC,QB,205.6,208.6,5,305.7,298.9,5,5
13275,13275,Kyle Rudolph,MIN,TE,205.6,207.5,6,89.6,83.6,0,1
13109,13109,Dan Bailey,DAL,K,205.7,209.4,7,140.9,142,1,1
1694,1694,Mason Crosby,GB,K,206,211.9,4,130.7,157.8,1,1
17139,17139,Josh Lambo,SD,K,206.2,198.4,11,128.5,112.7,1,1
11527,11527,Sam Bradford,PHI,QB,207.4,208.9,4,219.7,205,0,1
549,549,Matt Prater,DET,K,207.4,232.5,10,126.2,119.5,1,1
16191,16191,Chris Boswell,PIT,K,208.2,213.3,8,131.9,157.8,1,1
12780,12780,Shane Vereen,NYG,RB,208.2,187.4,8,112.1,104.1,5,7
1269,1269,Dan Carpenter,BUF,K,208.5,199.5,10,122.8,124,0,1
15018,15018,Denard Robinson,JAX,RB,208.5,220.9,5,53,0,1,0
15645,15645,Khiry Robinson,NYJ,RB,208.8,280.6,11,60.3,60.5,0,0
16491,16491,Richard Rodgers,GB,TE,209.4,218.4,4,115.1,82.9,0,1
16164,16164,Travis Coons,CLE,K,209.6,200.6,13,119.5,98,1,1
16567,16567,Brandon Coleman,NO,WR,210,191.5,5,64.7,67.7,0,1
JAX,52,Jacksonville Jaguars,JAX,DEF,210.1,212.3,5,94.7,120.6,1,1
13443,13443,Colin Kaepernick,SF,QB,210.3,208.2,8,124.2,175.3,0,1
11712,11712,Anquan Boldin,,WR,210.7,201.7,,113.7,0,1,1
WAS,97,Washington Redskins,WAS,DEF,211.2,28.6,9,142,120.6,1,1
16083,16083,Crockett Gillmore,BAL,TE,211.8,252.4,8,73.5,51.6,1,0
10092,10092,Connor Barth,NO,K,211.9,202.9,5,112.7,40.6,1,1
6410,6410,Rian Lindell,,K,211.9,202.9,,112.7,,1,1
BAL,36,Baltimore Ravens,BAL,DEF,212,34.3,8,96.9,113.8,0,1
MIA,64,Miami Dolphins,MIA,DEF,212.1,210.1,8,101.4,103.7,0,1
PIT,28,Pittsburgh Steelers,PIT,DEF,212.3,214.1,8,163.4,128.5,2,2
3253,3253,Sebastian Janikowski,OAK,K,212.6,229.1,10,122.8,122.8,1,1
16301,16301,Cairo Santos,KC,K,213.2,218.2,5,154.5,139.7,0,1
14257,14257,Robert Griffin III,CLE,QB,213.5,210.7,13,0,249.6,0,1
GB,12,Green Bay Packers,GB,DEF,213.6,214.9,4,128.5,124,1,1
15088,15088,Terrance Williams,DAL,WR,213.9,217.3,7,115,116.4,4,2
16603,16603,Patrick Murray,,K,214.1,205.1,,111.6,,1,1
3258,3258,Adam Vinatieri,IND,K,215.3,221.9,10,131.9,140.9,1,1
14749,14749,Jermaine Kearse,SEA,WR,215.3,206.2,5,111,102.3,1,1
16831,16831,Jaelen Strong,HOU,WR,216,216.5,9,38.4,77.3,0,1
13723,13723,Nick Foles,LA,QB,216.4,208.5,8,108.3,,1,1
PHI,26,Philadelphia Eagles,PHI,DEF,216.5,219.4,4,139.7,116.1,0,1
16135,16135,Johnny Manziel,,QB,217.5,209.6,,107.1,,1,1
NYG,75,New York Giants,NYG,DEF,217.8,211,8,121.7,110.4,0,1
14877,14877,Caleb Sturgis,PHI,K,218.6,210.7,4,104.8,126.2,0,1
2695,2695,Josh Brown,NYG,K,218.8,216.9,8,157.8,147.6,1,1
14697,14697,Greg Zuerlein,LA,K,219.8,211.9,8,103.7,122.8,1,1
14463,14463,Blair Walsh,MIN,K,219.9,221.5,6,165.7,140.9,0,1
7328,7328,Peyton Manning,,QB,220.9,213,,103,0,1,1
CHI,38,Chicago Bears,CHI,DEF,221.2,41,9,76.6,117.2,0,1
1034,1034,Matt Hasselbeck,,QB,222,214.1,,102.7,,1,1
14242,14242,Rueben Randle,PHI,WR,222.1,221.2,4,143.9,89.1,0,1
16163,16163,Antonio Andrews,TEN,RB,223.1,215.3,13,102.6,,1,1
16236,16236,Cody Parkey,PHI,K,223.6,224,4,18,0,0,1
13902,13902,Trent Richardson,BAL,RB,224.3,216.4,8,102.3,,1,1
15045,15045,Knile Davis,KC,RB,225.1,476.7,5,17.6,0,1,1
8564,8564,Nate Washington,NE,WR,225.4,217.5,9,101.2,73.5,0,1
16626,16626,Tre Mason,LA,RB,226.3,201.3,8,37.8,19.2,1,0
5002,5002,Reggie Wayne,,WR,226.5,218.6,,99.1,,1,1
3388,3388,Matt Bryant,ATL,K,226.6,226.1,11,76.6,126.2,0,1
12508,12508,Shaun Suisham,PIT,K,227.5,221.7,8,151,0,1,1
4354,4354,Nick Novak,HOU,K,227.7,219.8,9,98,125.1,0,1
1410,1410,Robbie Gould,CHI,K,228.2,229.8,9,158.9,129.6,0,1
14269,14269,Alfred Morris,DAL,RB,228.8,220.9,7,97.6,62.1,0,0
16855,16855,Ty Montgomery,GB,WR,228.9,386.6,4,30.4,45.3,1,1
5714,5714,Phil Dawson,SF,K,229.7,207.4,8,110.4,103.7,1,1
8532,8532,Kenny Britt,LA,WR,229.9,222,8,97,107.7,2,1
7034,7034,Kevin Kolb,,QB,231,223.1,,95.5,,1,1
12323,12323,Joique Bell,,RB,232.2,224.3,,94.3,,1,1
IND,14,Indianapolis Colts,IND,DEF,233.1,29.8,10,136.4,122.8,1,1
16326,16326,Seth Roberts,OAK,WR,233.3,225.4,10,90.2,68.9,0,1
TB,95,Tampa Bay Buccaneers,TB,DEF,234.2,30.9,6,110.4,115,0,1
14141,14141,Cole Beasley,DAL,WR,234.4,226.5,7,89.7,83.2,0,1
ATL,2,Atlanta Falcons,ATL,DEF,235.3,33.1,11,102.6,102.6,0,1
13961,13961,Randy Bullock,,K,235.5,227.7,,89,,1,1
CLE,8,Cleveland Browns,CLE,DEF,236.4,35.4,13,92.4,93.5,0,1
15261,15261,Spencer Ware,KC,RB,236.7,228.8,5,86.6,76.6,1,0
TEN,34,Tennessee Titans,TEN,DEF,237.6,36.5,13,89,111.6,0,1
5094,5094,Marques Colston,,WR,237.8,229.9,,85.7,0,1,1
NO,69,New Orleans Saints,NO,DEF,238.7,37.6,5,85.7,110.4,0,1
SD,84,San Diego Chargers,SD,DEF,238.7,37.6,11,85.7,115,0,1
2429,2429,Andre Johnson,,WR,238.9,231,,83.7,0,1,1
17151,17151,Andrew Franks,MIA,K,240.1,232.2,8,83.4,100.3,1,1
SF,93,San Francisco 49ers,SF,DEF,241,42.1,8,68.7,102.6,0,1
12536,12536,Andre Brown,,RB,241.2,233.3,,82.8,,1,1
8750,8750,Ryan Succop,TEN,K,242.3,234.4,13,82.3,90.2,1,1
16553,16553,Corey Brown,CAR,WR,243.4,235.5,7,81.7,60.7,0,1
7711,7711,Malcom Floyd,,WR,244.6,236.7,,81.3,0,1,1
852,852,Jacob Tamme,ATL,TE,245.7,237.8,11,80.8,64,0,1
14871,14871,Robert Woods,BUF,WR,246.8,238.9,10,80.2,89,0,1
12771,12771,Ryan Mallett,BAL,QB,247.9,240.1,8,79.9,,1,1
12386,12386,Marshawn Lynch,,RB,249.1,241.2,,78.6,0,1,1
1810,1810,Owen Daniels,,TE,249.1,241.2,,78.6,0,1,1
4104,4104,Jerricho Cotchery,,WR,251.3,243.4,,76.7,,1,1
14740,14740,Kai Forbath,NO,K,252.4,244.6,5,76.6,40.6,1,1
8664,8664,Tiquan Underwood,,WR,252.4,244.6,,76.6,,1,1
7635,7635,Heath Miller,,TE,254.7,247.9,,76.3,0,1,1
13557,13557,Ben Tate,,RB,255.8,249.1,,75.5,,1,1
8723,8723,Matt Cassel,TEN,QB,257,250.2,13,75.3,0,1,1
13910,13910,Brandon Weeden,HOU,QB,258.1,251.3,9,74.9,,1,1
4738,4738,Mike Tolbert,CAR,RB,259.2,253.6,7,73.3,65.5,0,0
13117,13117,Dwayne Harris,NYG,WR,260.3,254.7,8,73,57.4,1,0
16728,16728,Dontrelle Inman,SD,WR,261.5,255.8,11,72.8,67.8,0,1
8330,8330,Brian Hartline,,WR,262.6,257,,72.5,0,0,1
15085,15085,Joseph Randle,,RB,263.7,258.1,,72.1,,1,1
12925,12925,Jake Locker,,QB,264.8,259.2,,72,,1,1
2065,2065,Kevin Walter,,WR,266,260.3,,71.9,,1,1
17754,17754,Will Tye,NYG,TE,267.1,261.5,8,70.3,75.5,0,1
11694,11694,Nick Folk,NYJ,K,268.2,262.6,11,69.9,109.3,1,1
15196,15196,Kenny Stills,MIA,WR,268.2,262.6,8,69.9,59.4,0,1
5412,5412,Jason Snelling,,RB,268.2,262.6,,69.9,,1,1
1181,1181,Martellus Bennett,NE,TE,271.6,266,9,69.8,78.8,0,1
11220,11220,Dexter McCluster,TEN,RB,272.7,267.1,13,68.4,37.3,0,0
16308,16308,Albert Wilson,KC,WR,273.9,268.2,5,67.3,79.5,0,1
14719,14719,Jonathan Grimes,HOU,RB,275,269.4,9,67.1,56.8,0,0
5511,5511,Brent Celek,PHI,TE,276.1,270.5,4,65.1,45.8,0,1
14828,14828,Chris Hogan,NE,WR,277.2,271.6,9,64.9,66.2,0,1
204,204,Roddy White,,WR,278.4,272.7,,63.8,,1,1
14901,14901,Kyle Juszczyk,BAL,RB,279.5,273.9,8,63.6,37.8,0,1
13735,13735,Chris Polk,,RB,280.6,275,,63.5,,1,1
6768,6768,Lance Moore,,WR,281.8,276.1,,62.8,,1,1
16116,16116,AJ McCarron,CIN,QB,282.9,277.2,9,62.3,,1,1
11792,11792,Arian Foster,,RB,284,278.4,,62,0,1,1
13170,13170,Niles Paul,WAS,TE,285.1,279.5,9,61.6,,1,1
11463,11463,Brandon LaFell,CIN,WR,286.3,281.8,9,59.1,70.9,0,1
15118,15118,Marquess Wilson,CHI,WR,286.3,281.8,9,59.1,68.5,0,1
244,244,Dallas Clark,,TE,288.5,284,,58.9,,1,1
11982,11982,Nate Burleson,,WR,289.6,285.1,,57.8,,1,1
13158,13158,Shaun Draughn,SF,RB,290.8,286.3,8,57.4,78,1,1
9249,9249,Kellen Winslow,,TE,291.9,287.4,,57.3,,1,1
13162,13162,Leonard Hankerson,BUF,WR,293,288.5,10,57.1,,1,1
13741,13741,Brandon Bolden,NE,RB,293,288.5,9,57.1,19.6,1,1
15239,15239,Vance McDonald,SF,TE,295.3,290.8,8,57,47.9,1,0
6211,6211,Harry Douglas,TEN,WR,296.4,291.9,13,56.9,32.3,1,1
8399,8399,Shonn Greene,,RB,296.4,291.9,,56.9,,1,1
8967,8967,Earl Bennett,,WR,298.7,294.1,,56.7,,1,1
12548,12548,Scott Chandler,,TE,299.8,295.3,,56.2,0,1,1
7451,7451,Willis McGahee,,RB,300.9,296.4,,56,,1,1
15971,15971,Josh Huff,PHI,WR,302,297.5,4,55.4,56,1,0
15247,15247,Darren Fells,ARI,TE,303.2,298.7,9,55.3,55.8,0,0
12489,12489,Shayne Graham,,K,304.3,299.8,,55.2,,1,1
3382,3382,Marcel Reece,OAK,RB,305.4,300.9,10,54.7,39,0,0
8534,8534,Jared Cook,GB,TE,306.5,302,4,54.2,78.3,0,1
14019,14019,Justin Blackmon,JAX,WR,307.7,303.2,5,53.4,,1,1
2254,2254,Brandon Jacobs,,RB,308.8,304.3,,53.1,,1,1
16593,16593,Cameron Brate,TB,TE,309.9,305.4,6,52.7,52.2,1,0
16057,16057,Jace Amaro,NYJ,TE,311.1,306.5,11,52.4,53.4,0,1
15241,15241,Quinton Patton,SF,WR,312.2,307.7,8,51.7,66.2,0,1
5701,5701,Fred Jackson,,RB,313.3,308.8,,51.5,,1,1
14872,14872,Mike Gillislee,BUF,RB,314.4,309.9,10,51.4,68.4,0,0
14465,14465,Jarius Wright,MIN,WR,315.6,311.1,6,50.8,59.7,0,1
11313,11313,Riley Cooper,,WR,316.7,312.2,,50.4,,1,1
13264,13264,Andre Holmes,OAK,WR,317.8,313.3,10,49.7,50.3,1,0
16412,16412,Zach Hocker,CIN,K,318.9,314.4,9,49.6,,1,1
7692,7692,Dustin Keller,,TE,320.1,315.6,,49.2,,1,1
15694,15694,Case Keenum,LA,QB,321.2,316.7,8,49.2,0,0,1
8771,8771,Darrius Heyward-Bey,PIT,WR,322.3,317.8,8,48.9,44.5,1,1
16178,16178,Bishop Sankey,TEN,RB,323.4,318.9,13,48.7,,1,1
14405,14405,Chris Givens,PHI,WR,324.6,320.1,4,48.6,,1,1
3878,3878,John Carlson,,TE,325.7,321.2,,48.5,,1,1
13595,13595,Bryan Walters,JAX,WR,326.8,322.3,5,48.2,,1,1
16175,16175,Zach Mettenberger,SD,QB,328,323.4,11,47.6,,1,1
12762,12762,Daniel Thomas,,RB,329.1,324.6,,46.1,,1,1
1545,1545,Anthony Fasano,TEN,TE,329.1,324.6,13,46.1,32.6,1,1
4124,4124,Vince Young,,QB,331.3,326.8,,45.7,,1,1
16919,16919,JJ Nelson,ARI,WR,332.5,328,9,45,63.1,0,1
5084,5084,Vernon Davis,WAS,TE,333.6,329.1,9,44.5,4.7,1,1
459,459,Sidney Rice,,WR,334.7,330.2,,44.1,,1,1
15207,15207,Benjamin Cunningham,LA,RB,335.8,331.3,8,44,36.9,0,0
14868,14868,EJ Manuel,BUF,QB,337,332.5,10,43.8,,1,1
16411,16411,Ryan Grant,WAS,WR,338.1,333.6,9,43.7,37.6,1,1
13817,13817,Stephen Hill,CAR,WR,339.2,334.7,7,43.1,,1,1
8604,8604,Donald Brown,NE,RB,340.4,335.8,9,42.5,9.1,1,1
13974,13974,Keshawn Martin,NE,WR,341.5,337,9,42.3,,1,1
14985,14985,Ryan Griffin,HOU,TE,342.6,338.1,9,41.8,49.1,1,0
14496,14496,Garrett Celek,SF,TE,343.7,339.2,8,41.2,95.1,1,1
13386,13386,Lance Kendricks,LA,TE,344.9,340.4,8,41.1,76.6,0,1
16080,16080,Jeremy Butler,BAL,WR,346,341.5,8,40.9,,1,1
10034,10034,Brandon Gibson,,WR,347.1,342.6,,40,,1,1
8694,8694,Brandon Lloyd,,WR,348.2,343.7,,39.9,,1,1
5672,5672,Antwaan RandleEl,,WR,349.4,344.9,,39.6,,1,1
14712,14712,William Powell,,RB,350.5,346,,39.3,,1,1
14795,14795,Josh Bellamy,CHI,WR,351.6,347.1,9,38.8,,1,1
16402,16402,Andre Williams,NYG,RB,351.6,347.1,8,38.8,54.8,0,0
15782,15782,Larry Donnell,NYG,TE,353.9,349.4,8,38.7,40.5,0,1
15072,15072,Mychal Rivera,OAK,TE,355,350.5,10,38.3,47.7,1,0
11447,11447,Jimmy Clausen,,QB,356.1,351.6,,37.4,,1,1
14219,14219,Kellen Moore,DAL,QB,357.3,352.8,7,37.3,,1,1
2220,2220,Ahmad Bradshaw,,RB,358.4,353.9,,37.1,0,1,1
8415,8415,Mark Sanchez,DEN,QB,359.5,355,11,37,170.8,0,1
16816,16816,Maxx Williams,BAL,TE,360.6,356.1,8,37,50.6,1,0
14978,14978,Justin Hunter,TEN,WR,361.8,357.3,13,36.5,41.1,1,1
17290,17290,Adam Humphries,TB,WR,362.9,358.4,6,36.1,39.4,1,0
12523,12523,Naaman Roosevelt,,WR,364,359.5,,35.7,,1,1
12978,12978,Armon Binns,,WR,364,359.5,,35.7,,1,1
12136,12136,Leon Washington,,RB,366.3,361.8,,35.6,,1,1
16063,16063,Quincy Enunwa,NYJ,WR,367.4,362.9,11,35.5,35.3,1,0
12513,12513,Derek Hagan,,WR,368.5,364,,35.4,,1,1
9079,9079,Percy Harvin,,WR,369.7,365.1,,34.8,0,1,1
9447,9447,Michael Vick,,QB,370.8,366.3,,34.6,,1,1
12153,12153,Ed Dickson,CAR,TE,371.9,367.4,7,33.9,41.9,1,1
7389,7389,Eddie Royal,CHI,WR,373,368.5,9,33.5,66,0,1
16258,16258,Marqise Lee,JAX,WR,374.2,369.7,5,32.6,61.8,0,1
12816,12816,Tandon Doss,,WR,375.3,370.8,,32.1,,1,1
15555,15555,Zach Line,MIN,RB,375.3,370.8,6,32.1,45.9,0,1
3330,3330,Miles Austin,,WR,377.5,373,,32,,1,1
11026,11026,Jermaine Gresham,ARI,TE,378.7,374.2,9,31.9,45.4,1,0
14352,14352,Travaris Cadet,NO,RB,379.8,375.3,5,31.8,0,0,0
14533,14533,Robert Turbin,IND,RB,379.8,375.3,10,31.8,67.8,0,1
17117,17117,Kyle Brindza,,K,382.1,377.5,,31.6,,1,1
15268,15268,Nick Williams,ATL,WR,383.2,378.7,11,31.4,61.6,1,1
11084,11084,Marc Mariani,CHI,WR,384.3,379.8,9,31.2,,1,1
12847,12847,Andrew Hawkins,CLE,WR,385.4,380.9,13,31.1,69.5,0,1
15036,15036,Montee Ball,,RB,386.6,382.1,,30.9,,1,1
16305,16305,De'Anthony Thomas,KC,RB,386.6,382.1,5,30.9,,1,1
15263,15263,Luke Willson,SEA,TE,388.8,384.3,5,30.8,56.6,0,0
12794,12794,Jeremy Kerley,DET,WR,389.9,385.4,10,30.7,61.5,0,1
6597,6597,Greg Jennings,,WR,391.1,387.7,,30.2,,1,1
12985,12985,DuJuan Harris,SF,RB,392.2,388.8,8,30,,1,1
4633,4633,Matt Schaub,ATL,QB,392.2,388.8,11,30,0.9,1,1
16837,16837,Chris Conley,KC,WR,394.4,391.1,5,29.2,53.1,1,0
15066,15066,Brice Butler,DAL,WR,395.6,392.2,7,29.1,72.8,0,1
14789,14789,Jamize Olawale,OAK,RB,396.7,393.3,10,28.6,24.3,1,0
15565,15565,Jonas Gray,JAX,RB,397.8,394.4,5,28.4,,1,1
13255,13255,Matt Asiata,MIN,RB,399,395.6,6,27.5,51.6,0,1
15659,15659,Rashad Ross,WAS,WR,399,395.6,9,27.5,,1,1
16008,16008,Orleans Darkwa,NYG,RB,399,395.6,8,27.5,0,0,0
15216,15216,Stedman Bailey,LA,WR,402.3,399,8,27.3,,1,1
16421,16421,Silas Redd,WAS,RB,402.3,399,9,27.3,,1,1
16031,16031,Damien Williams,MIA,RB,404.6,401.2,8,27.2,43.6,0,0
16129,16129,Taylor Gabriel,CLE,WR,404.6,401.2,13,27.2,51.1,1,0
3,3,Craig Stevens,TEN,TE,404.6,401.2,13,27.2,14.8,1,1
15866,15866,Josh Hill,NO,TE,408,404.6,5,27,58.5,1,1
6902,6902,Josh Scobee,,K,408,404.6,,27,,1,1
11535,11535,Michael Hoomanawanui,NO,TE,410.2,406.8,5,26.6,,1,1
13016,13016,Virgil Green,DEN,TE,411.4,408,11,26.3,41.7,1,1
15534,15534,Adam Thielen,MIN,WR,411.4,408,6,26.3,,1,1
15616,15616,Fozzy Whittaker,CAR,RB,413.6,410.2,7,26.1,14.8,1,1
14786,14786,Patrick DiMarco,ATL,RB,414.7,411.4,11,25.9,36.5,0,0
11317,11317,Clay Harbor,NE,TE,415.9,412.5,9,25.8,,1,1
15486,15486,Dennis Johnson,,RB,415.9,412.5,,25.8,,1,1
12956,12956,TJ Yates,,QB,418.1,414.7,,25.7,,1,1
17089,17089,Terron Ward,ATL,RB,418.1,414.7,11,25.7,0,1,0
7290,7290,Felix Jones,,RB,420.4,417,,25.6,,1,1
3061,3061,Marcedes Lewis,JAX,TE,421.5,418.1,5,25.5,34,1,1
14594,14594,Griff Whalen,MIA,WR,422.6,419.2,8,25.4,36.3,1,1
8662,8662,Mike Thomas,,WR,422.6,419.2,,25.4,,1,1
14971,14971,Landry Jones,PIT,QB,424.9,421.5,8,24.8,,1,1
13063,13063,Taiwan Jones,OAK,RB,426,422.6,10,24.8,34.9,0,1
16345,16345,Branden Oliver,SD,RB,426,422.6,11,24.8,29.1,0,0
8862,8862,Ramses Barden,,WR,426,422.6,,24.8,,1,1
8699,8699,Knowshon Moreno,,RB,429.4,426,,24.3,,1,1
15221,15221,Zac Stacy,NYJ,RB,430.5,427.1,11,24.1,,1,1
16899,16899,Rashad Greene,JAX,WR,431.6,428.3,5,24,41.6,1,0
16142,16142,Terrance West,BAL,RB,432.8,429.4,8,23.9,,1,1
16731,16731,Chris Matthews,BAL,WR,433.9,430.5,8,23.8,,1,1
13446,13446,Bruce Miller,SF,RB,435,431.6,8,23.6,35.7,1,1
12551,12551,Jordan Norwood,DEN,WR,436.1,432.8,11,23.3,45.2,1,1
16200,16200,CJ Fiedorowicz,HOU,TE,436.1,432.8,9,23.3,27.5,1,0
15509,15509,Jaron Brown,ARI,WR,438.4,435,9,23,49.5,1,0
1589,1589,John Kuhn,,RB,438.4,435,,23,0,1,1
16276,16276,Bennie Fowler,DEN,WR,440.7,437.3,11,22.9,45.2,1,1
11747,11747,Peyton Hillis,,RB,441.8,438.4,,22.8,,1,1
12412,12412,Mike Williams,KC,WR,441.8,438.4,5,22.8,,1,1
16255,16255,Storm Johnson,TB,RB,441.8,438.4,6,22.8,,1,1
15640,15640,Derek Carrier,WAS,TE,445.2,441.8,9,22.7,,1,1
14895,14895,Geno Smith,NYJ,QB,446.3,442.9,11,22.5,236.7,0,1
15010,15010,Kerwynn Williams,ARI,RB,447.4,444,9,22.3,,1,1
8777,8777,Louis Murphy,TB,WR,447.4,444,6,22.3,68.3,0,1
15367,15367,Tim Wright,,TE,449.7,446.3,,22.2,,1,1
12622,12622,Jake Ballard,,TE,450.8,447.4,,22,,1,1
12701,12701,Stanley Havili,,RB,450.8,447.4,,22,,1,1
3989,3989,Andre Caldwell,DET,WR,450.8,447.4,10,22,0,1,1
16868,16868,Justin Hardy,ATL,WR,454.2,450.8,11,21.9,74.9,0,1
17292,17292,Donteea Dye,TB,WR,455.3,451.9,6,21.6,,1,1
14404,14404,Austin Davis,CLE,QB,456.4,453.1,13,21.6,,1,1
16846,16846,Tyler Kroft,CIN,TE,457.6,454.2,9,21.3,45.3,1,0
16343,16343,Javontee Herndon,SD,WR,458.7,455.3,11,21.2,,1,1
10999,10999,Joe McKnight,,RB,459.8,456.4,,21.1,,1,1
16878,16878,Blake Bell,SF,TE,460.9,457.6,8,21,45.2,1,0
1891,1891,Tashard Choice,,RB,462.1,458.7,,20.8,,1,1
14445,14445,Rhett Ellison,MIN,TE,463.2,459.8,6,20.7,44.7,1,1
13391,13391,Austin Pettis,,WR,464.3,460.9,,20.1,,1,1
16869,16869,Jalston Fowler,TEN,RB,465.5,462.1,13,19.9,21.3,1,0
13163,13163,Roy Helu,OAK,RB,466.6,463.2,10,19.6,73.3,1,2
14246,14246,David Wilson,,RB,466.6,463.2,,19.6,,1,1
16931,16931,Nick Boyle,BAL,TE,468.8,465.5,8,19.5,,1,1
16456,16456,TJ Jones,DET,WR,470,466.6,10,19,49,1,0
14876,14876,Dion Sims,MIA,TE,471.1,467.7,8,18.8,41.5,1,1
15757,15757,Jake Stoneburner,MIA,TE,471.1,467.7,8,18.8,,1,1
7308,7308,Maurice Jones-Drew,,RB,471.1,467.7,,18.8,,1,1
15417,15417,Kenbrell Thompkins,NYJ,WR,474.5,471.1,11,18.6,39.6,1,0
16487,16487,Justin Perillo,GB,TE,475.6,472.2,4,18.3,,1,1
13767,13767,John Potter,,K,476.7,473.3,,18,,1,1
5537,5537,Josh Morgan,,WR,476.7,473.3,,18,,1,1
14806,14806,Michael Preston,,WR,479,475.6,,17.7,,1,1
2730,2730,Donnie Avery,,WR,480.1,476.7,,17.6,,1,1
16798,16798,Devin Smith,NYJ,WR,481.2,479,11,17.5,61.4,0,1
16381,16381,Devin Street,DAL,WR,482.4,480.1,7,17.4,,1,1
16648,16648,Troy Niklas,ARI,TE,483.5,481.2,9,17.2,,1,1
14752,14752,Robert Hughes,,RB,484.6,482.4,,17,,1,1
14866,14866,Chris Gragg,BUF,TE,485.7,483.5,10,16.9,47.8,1,0
16453,16453,Nate Freese,,K,485.7,483.5,,16.9,,1,1
17048,17048,Tyrell Williams,SD,WR,485.7,483.5,11,16.9,,1,1
12285,12285,Anthony Dixon,,RB,489.1,486.9,,16.7,,1,1
15816,15816,M White,NYG,WR,489.1,486.9,8,16.7,,1,1
957,957,Pierre Thomas,,RB,489.1,486.9,,16.7,,1,1
15566,15566,Brian Tyms,IND,WR,492.5,490.2,10,16,,1,1
10961,10961,Marlon Moore,CLE,WR,493.6,491.4,13,15.9,51.8,1,1
14886,14886,Aaron Dobson,NE,WR,493.6,491.4,9,15.9,,1,1
12088,12088,Jay Feely,,K,495.9,493.6,,15.8,,1,1
16664,16664,Bruce Ellington,SF,WR,495.9,493.6,8,15.8,48.8,1,0
14917,14917,Rex Burkhead,CIN,RB,498.1,495.9,9,15.6,11.8,1,1
11594,11594,Kyle Williams,,WR,499.3,497,,15.3,,1,1
16099,16099,Lorenzo Taliaferro,BAL,RB,499.3,497,8,15.3,37,0,0
11565,11565,Andre Roberts,,WR,501.5,500.4,,15.2,,1,1
17199,17199,Akeem Hunt,HOU,RB,501.5,500.4,9,15.2,,1,1
15305,15305,Demetrius Harris,KC,TE,503.8,502.6,5,15.1,,1,1
13719,13719,Bryce Brown,,RB,504.9,503.8,,14.9,,1,1
15602,15602,Jack Doyle,IND,TE,504.9,503.8,10,14.9,68.5,0,1
8428,8428,Chase Coffman,,TE,507.2,506,,14.8,,1,1
12777,12777,Lee Smith,OAK,TE,508.3,507.2,10,14.7,39.4,1,1
15630,15630,Cooper Helfet,SEA,TE,508.3,507.2,5,14.7,,1,1
16341,16341,Marion Grice,,RB,508.3,507.2,,14.7,,1,1
1652,1652,Steven Jackson,,RB,508.3,507.2,,14.7,,1,1
1760,1760,Vonta Leach,,RB,508.3,507.2,,14.7,,1,1
2640,2640,Fred Davis,,TE,508.3,507.2,,14.7,,1,1
13471,13471,Ricardo Lockette,,WR,515,513.9,,14.5,,1,1
16935,16935,Keith Mumphery,HOU,WR,515,513.9,9,14.5,0,1,0
2350,2350,Jeff King,,TE,515,513.9,,14.5,,1,1
8848,8848,John Phillips,,TE,515,513.9,,14.5,,1,1
15141,15141,Charles Johnson,MIN,WR,519.5,518.4,6,14.3,67.7,0,1
8778,8778,Brandon Myers,TB,TE,519.5,518.4,6,14.3,,1,1
9588,9588,Brandon Pettigrew,DET,TE,519.5,518.4,10,14.3,21.5,1,0
14788,14788,Dan Herron,,RB,522.9,521.8,,14.2,,1,1
15185,15185,Kenjon Barner,PHI,RB,522.9,521.8,4,14.2,67.2,0,1
11017,11017,Dennis Pitta,BAL,TE,525.2,524.1,8,14.1,,1,1
12754,12754,Clyde Gates,,WR,526.3,525.2,,13.7,,1,1
13370,13370,Luke Stocker,TB,TE,527.4,526.3,6,13.6,,1,1
16122,16122,James Wright,CIN,WR,527.4,526.3,9,13.6,,1,1
15381,15381,Jeff Tuel,,QB,529.7,528.6,,13.6,,1,1
16278,16278,Cody Latimer,DEN,WR,530.8,529.7,11,13.5,32.7,1,0
17167,17167,Cameron Meredith,CHI,WR,530.8,529.7,9,13.5,,1,1
12262,12262,Jonathan Dwyer,,RB,533.1,531.9,,13.4,,1,1
13321,13321,Kealoha Pilares,,WR,533.1,531.9,,13.4,,1,1
1986,1986,Jason Avant,,WR,533.1,531.9,,13.4,,1,1
8373,8373,Brandon Tate,CIN,WR,533.1,531.9,9,13.4,,1,1
11221,11221,Tony Moeaki,,TE,537.6,536.5,,13.3,,1,1
11345,11345,Logan Paulsen,WAS,TE,537.6,536.5,9,13.3,,1,1
13486,13486,Marcus Easley,BUF,WR,537.6,536.5,10,13.3,,1,1
13661,13661,Jed Collins,,RB,537.6,536.5,,13.3,,1,1
16598,16598,Robert Herron,,WR,537.6,536.5,,13.3,,1,1
11196,11196,Tim Tebow,,QB,543.2,542.1,,13.3,,1,1
17070,17070,Darius Jennings,CLE,WR,544.3,543.2,13,13.2,,1,1
1944,1944,Santana Moss,,WR,545.5,544.3,,13.1,,1,1
2332,2332,Dante Rosario,,TE,545.5,544.3,,13.1,,1,1
10991,10991,John Conner,,RB,547.7,546.6,,13,,1,1
12343,12343,Brandon Stokley,,WR,547.7,546.6,,13,,1,1
1854,1854,Domenik Hixon,,WR,547.7,546.6,,13,,1,1
5741,5741,Robert Meachem,,WR,551.1,550,,12.8,,1,1
6276,6276,Luke McCown,NO,QB,551.1,550,5,12.8,0.9,1,1
7857,7857,Jerome Simpson,SF,WR,551.1,550,8,12.8,4.2,1,0
15479,15479,Marlon Brown,,WR,554.5,553.4,,12.6,,1,1
16081,16081,Michael Campanaro,BAL,WR,554.5,553.4,8,12.6,,1,1
16657,16657,Corey Washington,DET,WR,554.5,553.4,10,12.6,,1,1
16469,16469,Jared Abbrederis,GB,WR,557.9,556.7,4,12.5,54.2,1,0
14244,14244,Adrien Robinson,,TE,559,557.9,,12.4,,1,1
418,418,Garrett Hartley,,K,559,557.9,,12.4,,1,1
9277,9277,Chris Ogbonnaya,,RB,559,557.9,,12.4,,1,1
12649,12649,Will Tukuafu,,RB,562.4,561.2,,12.2,,1,1
14027,14027,Kevin Elliott,,WR,562.4,561.2,,12.2,,1,1
14836,14836,Junior Hemingway,,WR,562.4,561.2,,12.2,,1,1
16561,16561,Darrin Reaves,KC,RB,562.4,561.2,5,12.2,,1,1
15467,15467,Kendall Gaskins,,RB,566.9,565.8,,12.1,,1,1
1577,1577,Joel Dreessen,,TE,566.9,565.8,,12.1,,1,1
6458,6458,Ronnie Brown,,RB,566.9,565.8,,12.1,,1,1
15082,15082,Gavin Escobar,DAL,TE,570.3,569.1,7,11.7,42.9,1,0
9226,9226,Josh Freeman,,QB,571.4,570.3,,11.7,,1,1
14620,14620,Will Johnson,NYG,RB,572.5,571.4,8,11.6,28.3,0,1
17257,17257,Lucky Whitehead,DAL,WR,572.5,571.4,7,11.6,,1,1
7613,7613,JohnnieLee Higgins,,WR,572.5,571.4,,11.6,,1,1
14424,14424,Brian Quick,LA,WR,575.9,574.8,8,11.5,61.3,0,0
4631,4631,Wes Welker,,WR,575.9,574.8,,11.5,,1,1
16928,16928,Michael Burton,DET,RB,578.2,577,10,11.4,14.3,1,1
8590,8590,Dan Orlovsky,DET,QB,579.3,578.2,10,11.3,0.9,1,1
12702,12702,Alex Henery,,K,580.4,579.3,,11.3,,1,1
15191,15191,Austin Johnson,NO,RB,581.5,580.4,5,11.2,,1,1
15714,15714,Brenton Bersin,CAR,WR,581.5,580.4,7,11.2,,1,1
16111,16111,Ryan Hewitt,CIN,TE,581.5,580.4,9,11.2,45.3,1,1
16287,16287,Juwan Thompson,DEN,RB,581.5,580.4,11,11.2,,1,1
1362,1362,Jackie Battle,,RB,586,584.9,,10.9,,1,1
15746,15746,Matt McGloin,OAK,QB,587.2,586,10,10.9,,1,1
16887,16887,Mike Davis,SF,RB,588.3,587.2,8,10.8,0,0,1
11230,11230,Jacoby Ford,,WR,589.4,588.3,,10.6,,1,1
14070,14070,Cyrus Gray,DEN,RB,590.5,589.4,11,10.3,,1,1
14502,14502,AJ Jenkins,,WR,590.5,589.4,,10.3,,1,1
11101,11101,Garrett Graham,DEN,TE,592.8,591.7,11,10.1,,1,1
16903,16903,MyCole Pruitt,MIN,TE,593.9,592.8,6,10,,1,1
11047,11047,Colt McCoy,WAS,QB,595.1,593.9,9,9.9,,1,1
12327,12327,Jeron Mastrud,,TE,596.2,595.1,,9.9,,1,1
12774,12774,Stevan Ridley,DET,RB,596.2,595.1,10,9.9,38.7,0,0
14850,14850,Russell Shepard,TB,WR,596.2,595.1,6,9.9,,1,1
17271,17271,Bradley Marquez,LA,WR,596.2,595.1,8,9.9,,1,1
16933,16933,James O'Shaughnessy,KC,TE,600.7,599.6,5,9.8,40.9,1,0
15880,15880,Frank Summers,,RB,601.8,600.7,,9.7,,1,1
15416,15416,Zach Sudfeld,NYJ,TE,602.9,601.8,11,9.6,,1,1
1904,1904,Mario Manningham,,WR,602.9,601.8,,9.6,,1,1
13203,13203,Dane Sanzenbacher,,WR,605.2,604.1,,9.5,,1,1
11998,11998,Tony Scheffler,,TE,606.3,605.2,,9.2,,1,1
13929,13929,David Paulson,,TE,606.3,605.2,,9.2,,1,1
13856,13856,Deonte Thompson,CHI,WR,608.6,607.5,9,9.1,,1,1
14753,14753,Will Ta'ufo'ou,,RB,608.6,607.5,,9.1,,1,1
14715,14715,Chris Owusu,,WR,610.8,609.7,,9,,1,1
15781,15781,Derek Moye,,WR,610.8,609.7,,9,,1,1
14657,14657,Alex Tanney,TEN,QB,613.1,612,13,9,,1,1
14152,14152,James Hanna,DAL,TE,614.2,613.1,7,8.9,42.9,1,1
8142,8142,Kellen Davis,NYJ,TE,615.3,614.2,11,8.8,3.9,1,1
10992,10992,Jeff Cumberland,SD,TE,616.5,615.3,11,8.7,,1,1
16240,16240,Zurlon Tipton,,RB,616.5,615.3,,8.7,,1,1
17004,17004,Tre McBride,TEN,WR,618.7,617.6,13,8.6,,1,1
4484,4484,Zach Miller,,TE,618.7,617.6,,8.6,,1,1
9776,9776,Cameron Morrah,,TE,621,619.8,,8.5,,1,1
14968,14968,Justin Brown,,WR,622.1,621,,8.3,,1,1
12996,12996,Jamar Newsome,,WR,623.2,622.1,,8.2,,1,1
12392,12392,Erik Lorig,,RB,624.4,623.2,,8,,1,1
12498,12498,Brian St Pierre,,QB,625.5,624.4,,7.8,,1,1
14641,14641,Michael Egnew,,TE,626.6,625.5,,7.8,,1,1
15068,15068,Nick Kasa,,TE,626.6,625.5,,7.8,,1,1
14817,14817,Mike Brown,,WR,628.9,627.7,,7.7,,1,1
15093,15093,Ryan Nassib,NYG,QB,630,628.9,8,7.6,,1,1
11413,11413,Toby Gerhart,,RB,631.1,630,,7.6,,1,1
11697,11697,Santonio Holmes,,WR,631.1,630,,7.6,,1,1
10946,10946,David Nelson,,WR,633.4,632.2,,7.3,,1,1
5054,5054,Kellen Clemens,SD,QB,634.5,633.4,11,7.2,0.9,1,1
15378,15378,Levine Toilolo,ATL,TE,635.6,634.5,11,7.2,,1,1
17219,17219,Daniel Brown,BAL,WR,635.6,634.5,8,7.2,,1,1
14482,14482,Ryan Lindley,,QB,637.9,636.8,,7.1,,1,1
4276,4276,Brandon Bostick,NYJ,TE,639,637.9,11,7.1,,1,1
15230,15230,Stepfan Taylor,ARI,RB,640.1,639,9,7,,1,1
16699,16699,Fitzgerald Toussaint,PIT,RB,640.1,639,8,7,,1,1
11435,11435,Michael Palmer,,TE,642.4,641.3,,6.9,,1,1
11555,11555,Jim Dray,BUF,TE,642.4,641.3,10,6.9,45.3,1,0
7007,7007,Daniel Fells,,TE,644.6,643.5,,6.8,,1,1
16759,16759,Jerome Cunningham,TEN,TE,645.8,644.6,13,6.6,,1,1
17254,17254,Jarryd Hayne,,RB,645.8,644.6,,6.6,,1,1
14891,14891,Tommy Bohanon,NYJ,RB,648,646.9,11,6.5,15.4,1,1
15123,15123,Corey Fuller,DET,WR,649.2,648,10,6.3,0,1,0
8331,8331,Lex Hilliard,,RB,649.2,648,,6.3,,1,1
13463,13463,Kris Durham,,WR,651.4,650.3,,6.1,,1,1
15965,15965,Trey Burton,PHI,WR,651.4,650.3,4,6.1,,1,1
9739,9739,Hakeem Nicks,,WR,651.4,650.3,,6.1,,1,1
7203,7203,Dwayne Bowe,,WR,654.8,653.7,,6,,1,1
16965,16965,Josh Robinson,,RB,655.9,654.8,,5.9,,1,1
13299,13299,Jacquizz Rodgers,CHI,RB,657,655.9,9,5.7,35.3,0,0
16990,16990,Joey Iosefa,NE,RB,657,655.9,9,5.7,,1,1
11165,11165,Deji Karim,,RB,659.3,658.2,,5.6,,1,1
8846,8846,Kevin Ogletree,,WR,659.3,658.2,,5.6,,1,1
14783,14783,James Develin,NE,RB,661.5,660.4,9,5.4,,1,1
4640,4640,Reggie Bush,,RB,662.7,661.5,,5.3,0,1,1
12944,12944,Jeff Maehl,,WR,663.8,662.7,,5.2,,1,1
15314,15314,Michael Hill,,RB,663.8,662.7,,5.2,,1,1
15905,15905,Patrick Edwards,,WR,663.8,662.7,,5.2,,1,1
11517,11517,Preston Parker,,WR,667.2,666.1,,4.8,,1,1
13232,13232,Alex Green,,RB,667.2,666.1,,4.8,,1,1
16734,16734,Kevin Smith,SEA,WR,667.2,666.1,5,4.8,,1,1
15089,15089,Michael Cox,,RB,670.6,669.4,,4.7,,1,1
15594,15594,Eric Page,,WR,670.6,669.4,,4.7,,1,1
12137,12137,Charlie Whitehurst,,QB,672.8,671.7,,4.6,,1,1
12547,12547,Mike Caussin,,TE,672.8,671.7,,4.6,,1,1
13394,13394,Greg Salas,BUF,WR,672.8,671.7,10,4.6,45.5,1,0
13693,13693,Terrelle Pryor,CLE,WR,672.8,671.7,13,4.6,,1,1
14777,14777,Toney Clemons,,WR,672.8,671.7,,4.6,,1,1
13273,13273,Allen Reisner,,TE,678.5,677.3,,4.5,,1,1
16694,16694,Paul Richardson,SEA,WR,678.5,677.3,5,4.5,,1,1
16139,16139,Connor Shaw,CLE,QB,680.7,679.6,13,4.5,,1,1
13142,13142,Jerrel Jernigan,,WR,681.8,680.7,,4.3,,1,1
16954,16954,Nick O'Leary,BUF,TE,683,681.8,10,4.2,,1,1
3725,3725,Greg Jones,,RB,684.1,683,,4.1,,1,1
11755,11755,Seneca Wallace,,QB,685.2,684.1,,4,,1,1
14702,14702,Jeff Demps,,RB,686.3,685.2,,3.9,,1,1
15019,15019,Ace Sanders,,WR,686.3,685.2,,3.9,,1,1
11100,11100,Dorin Dickerson,,TE,688.6,687.5,,3.8,,1,1
13418,13418,Anthony Sherman,KC,RB,688.6,687.5,5,3.8,14.7,1,1
14564,14564,Dominique Davis,KC,QB,690.9,689.7,5,3.8,,1,1
13406,13406,Rob Housler,CHI,TE,692,690.9,9,3.7,40,1,1
16210,16210,Jay Prosch,HOU,RB,692,690.9,9,3.7,,1,1
11969,11969,Darrel Young,,RB,694.2,693.1,,3.6,,1,1
14097,14097,Juron Criner,,WR,694.2,693.1,,3.6,,1,1
14784,14784,Collin Mooney,,RB,694.2,693.1,,3.6,,1,1
15631,15631,Derrick Coleman,,RB,694.2,693.1,,3.6,,1,1
11049,11049,Carlton Mitchell,,WR,698.7,697.6,,3.5,,1,1
11400,11400,Andrew Quarless,,TE,698.7,697.6,,3.5,,1,1
15034,15034,Lamaar Thomas,,WR,698.7,697.6,,3.5,,1,1
13981,13981,DeVier Posey,DEN,WR,702.1,701,11,3.4,,1,1
14787,14787,Jeremy Ross,NYJ,WR,702.1,701,11,3.4,,1,1
7591,7591,Alfonso Smith,,RB,702.1,701,,3.4,,1,1
14303,14303,Bradie Ewing,,RB,705.5,704.4,,3.3,,1,1
12273,12273,Michael Robinson,,RB,706.6,705.5,,3,,1,1
15328,15328,Skye Dawson,,WR,706.6,705.5,,3,,1,1
15235,15235,BJ Daniels,NYG,QB,708.9,707.8,8,3,,1,1
14764,14764,Cory Harkey,LA,TE,710,708.9,8,2.9,43.2,1,0
15129,15129,Michael Williams,NE,TE,710,708.9,9,2.9,,1,1
14203,14203,Ryan Broyles,,WR,712.3,711.1,,2.8,,1,1
17272,17272,Andrew Turzilli,TEN,WR,712.3,711.1,13,2.8,,1,1
3312,3312,LeRon McClain,,RB,712.3,711.1,,2.8,,1,1
13763,13763,TJ Graham,PHI,WR,715.6,714.5,4,2.7,,1,1
13881,13881,Taylor Thompson,,TE,715.6,714.5,,2.7,,1,1
14865,14865,Marquise Goodwin,BUF,WR,715.6,714.5,10,2.7,,1,1
12569,12569,Dezmon Briscoe,,WR,719,717.9,,2.6,,1,1
14275,14275,Jarrett Boykin,BUF,WR,719,717.9,10,2.6,,1,1
13078,13078,Vincent Brown,NO,WR,721.3,720.2,5,2.5,,1,1
13102,13102,Jordan Todman,IND,RB,721.3,720.2,10,2.5,56.8,0,0
14756,14756,Jeremy Stewart,,RB,721.3,720.2,,2.5,,1,1
17807,17807,Matt Lacosse,NYG,TE,721.3,720.2,8,2.5,,1,1
13586,13586,Kevin Brock,,TE,725.8,724.7,,2.4,,1,1
16013,16013,Gator Hoskins,,TE,725.8,724.7,,2.4,,1,1
16946,16946,Geremy Davis,NYG,WR,725.8,724.7,8,2.4,,1,1
17026,17026,John Crockett,GB,RB,725.8,724.7,4,2.4,,1,1
11926,11926,Chad Hall,,WR,730.3,729.2,,2.3,,1,1
17030,17030,Tyler Varga,IND,RB,730.3,729.2,10,2.3,25.1,1,0
16606,16606,Solomon Patton,,WR,732.6,731.4,,2.1,,1,1
17234,17234,Alonzo Harris,,RB,732.6,731.4,,2.1,,1,1
14687,14687,Bernard Pierce,,RB,734.8,733.7,,2,,1,1
15676,15676,Jeremy Ebert,,WR,734.8,733.7,,2,,1,1
16964,16964,Darren Waller,BAL,WR,734.8,733.7,8,2,,1,1
16966,16966,Aaron Ripkowski,GB,RB,734.8,733.7,4,2,14.5,1,1
17269,17269,Deandrew White,SF,WR,734.8,733.7,8,2,,1,1
9253,9253,Billy Bajema,,TE,734.8,733.7,,2,,1,1
15982,15982,Matt Simms,ATL,QB,741.6,740.4,11,2,,1,1
16123,16123,Ray Agnew,,RB,742.7,741.6,,1.9,,1,1
12516,12516,Kory Sperry,,TE,743.8,742.7,,1.8,,1,1
16534,16534,Roosevelt Nix,PIT,RB,743.8,742.7,8,1.8,,1,1
16758,16758,Josh Harris,,RB,743.8,742.7,,1.8,,1,1
17241,17241,Tyler Murphy,MIA,WR,743.8,742.7,8,1.8,,1,1
139,139,Tori Gurley,,WR,748.3,747.2,,1.7,,1,1
16955,16955,Malcolm Johnson,CLE,RB,748.3,747.2,13,1.7,,1,1
16997,16997,Mario Alford,CIN,WR,748.3,747.2,9,1.7,70.1,0,1
17053,17053,Malcolm Brown,LA,RB,748.3,747.2,8,1.7,,1,1
3601,3601,Eric Weems,ATL,WR,748.3,747.2,11,1.7,0,1,1
8438,8438,Brian Leonard,,RB,748.3,747.2,,1.7,,1,1
11097,11097,Damian Williams,,WR,755.1,754,,1.6,,1,1
13050,13050,David Ausberry,,TE,755.1,754,,1.6,,1,1
13852,13852,Bobby Rainey,NYG,RB,755.1,754,8,1.6,,1,1
17155,17155,Chandler Worthy,NYJ,WR,755.1,754,11,1.6,,1,1
733,733,Jerome Felton,BUF,RB,755.1,754,10,1.6,13.2,1,1
13141,13141,Henry Hynoski,,RB,760.7,759.6,,1.5,,1,1
14538,14538,Jorvorskie Lane,,RB,760.7,759.6,,1.5,,1,1
15038,15038,Tavarres King,NYG,WR,760.7,759.6,8,1.5,,1,1
17079,17079,Kasen Williams,SEA,WR,760.7,759.6,5,1.5,,1,1
12083,12083,Derek Anderson,CAR,QB,765.2,764.1,7,1.4,0.8,1,1
16850,16850,Sean Mannion,LA,QB,765.2,764.1,8,1.4,,1,1
11941,11941,Anthony Armstrong,,WR,767.5,766.4,,1.4,,1,1
13282,13282,Kevin Cone,,WR,767.5,766.4,,1.4,,1,1
15937,15937,Phillip Supernaw,TEN,TE,767.5,766.4,13,1.4,,1,1
17101,17101,Trey Williams,IND,RB,767.5,766.4,10,1.4,,1,1
11439,11439,Antone Smith,,RB,772,770.9,,1.2,,1,1
16134,16134,Jonathan Krause,PHI,WR,772,770.9,4,1.2,,1,1
16848,16848,Sammie Coates,PIT,WR,772,770.9,8,1.2,80,0,1
17360,17360,Rod Smith,DAL,RB,772,770.9,7,1.2,,1,1
5013,5013,Courtney Roby,,WR,772,770.9,,1.2,,1,1
11859,11859,Jason Campbell,,QB,777.6,776.5,,1.2,,1,1
11449,11449,Armanti Edwards,,WR,778.8,777.6,,1.1,,1,1
16327,16327,Scott Simonson,CAR,TE,778.8,777.6,7,1.1,,1,1
6293,6293,Matt Spaeth,PIT,TE,778.8,777.6,8,1.1,2.5,1,1
13218,13218,Mikel Leshoure,,RB,782.1,781,,1,,1,1
17375,17375,Ben Edwards,NYG,WR,782.1,781,8,1,,1,1
10412,10412,Micheal Spurlock,,WR,784.4,783.3,,0.9,,1,1
13861,13861,Orson Charles,,TE,784.4,783.3,,0.9,,1,1
14111,14111,Rod Streater,KC,WR,784.4,783.3,5,0.9,,1,1
16242,16242,Tony Washington,JAX,WR,784.4,783.3,5,0.9,,1,1
4291,4291,Joshua Cribbs,,WR,784.4,783.3,,0.9,,1,1
6138,6138,Ben Obomanu,,WR,784.4,783.3,,0.9,,1,1
14759,14759,David Gilreath,,WR,791.2,790,,0.8,,1,1
17016,17016,Terrence Magee,,RB,791.2,790,,0.8,,1,1
17021,17021,EJ Bibbs,CLE,TE,791.2,790,13,0.8,,1,1
17154,17154,Khari Lee,CHI,TE,791.2,790,9,0.8,,1,1
4097,4097,Tarvaris Jackson,,QB,795.7,794.5,,0.8,,1,1
10405,10405,Zach Potter,,TE,796.8,795.7,,0.7,,1,1
13113,13113,Shaun Chapas,,TE,796.8,795.7,,0.7,,1,1
13171,13171,Aldrick Robinson,ATL,WR,796.8,795.7,11,0.7,,1,1
13729,13729,Damaris Johnson,,WR,796.8,795.7,,0.7,,1,1
15175,15175,Ronnie Wingo,,RB,796.8,795.7,,0.7,,1,1
16576,16576,Nic Jacobs,JAX,TE,796.8,795.7,5,0.7,,1,1
17121,17121,Brian Parker,KC,TE,796.8,795.7,5,0.7,,1,1
12335,12335,Trent Edwards,,QB,804.7,803.6,,0.6,,1,1
10042,10042,Kory Sheets,,RB,805.8,804.7,,0.6,,1,1
12969,12969,Mike McNeill,,TE,805.8,804.7,,0.6,,1,1
15150,15150,Cordarrelle Patterson,MIN,WR,805.8,804.7,6,0.6,,1,1
15725,15725,Brittan Golden,ARI,WR,805.8,804.7,9,0.6,,1,1
16211,16211,Tom Savage,HOU,QB,810.3,809.2,9,0.5,,1,1
11243,11243,Seyi Ajirotutu,,WR,811.4,810.3,,0.5,,1,1
13527,13527,Tyler Clutts,,RB,811.4,810.3,,0.5,,1,1
15056,15056,Brian Leonhardt,MIN,TE,811.4,810.3,6,0.5,,1,1
15134,15134,Kevin Dorsey,,WR,811.4,810.3,,0.5,,1,1
16917,16917,CJ Uzomah,CIN,TE,811.4,810.3,9,0.5,,1,1
5834,5834,Matt Moore,MIA,QB,817.1,815.9,8,0.4,0.9,1,1
13172,13172,Evan Royster,,RB,818.2,817.1,,0.3,,1,1
11018,11018,David Reed,,WR,819.3,818.2,,0.2,,1,1
13440,13440,Kendall Hunter,,RB,819.3,818.2,,0.2,,1,1
14821,14821,Edwin Baker,,RB,819.3,818.2,,0.2,,1,1
15371,15371,MarQueis Gray,MIA,TE,819.3,818.2,8,0.2,,1,1
1614,1614,Visanthe Shiancoe,,TE,819.3,818.2,,0.2,,1,1
9671,9671,Matthew Mulligan,DET,TE,819.3,818.2,10,0.2,5,1,1
1482,1482,Jordan Palmer,,QB,826.1,825,,0.2,,1,1
11992,11992,Shaun Hill,MIN,QB,827.2,826.1,6,0.1,0.8,1,1
15497,15497,George Winn,DET,RB,827.2,826.1,10,0.1,,1,1
16663,16663,Asante Cleveland,SD,TE,827.2,826.1,11,0.1,,1,1
16404,16404,Henry Josey,,RB,830.6,829.5,,0,,1,1
17051,17051,Dylan Thompson,,QB,830.6,829.5,,0,,1,1
17064,17064,Wes Saxton,NYJ,TE,830.6,829.5,11,0,,1,1
9362,9362,Deon Butler,,TE,830.6,829.5,,0,,1,1
17217,17217,Raheem Mostert,CLE,RB,835.1,834,13,0,,1,1
15062,15062,Conner Vernon,,WR,836.2,835.1,,,,1,1
15075,15075,Dallas Walker,,TE,836.2,835.1,,,,1,1
15184,15184,James Shaw,,WR,836.2,835.1,,,,1,1
15354,15354,Jerodis Williams,,RB,836.2,835.1,,,,1,1
15393,15393,Ina Liaina,,RB,836.2,835.1,,,,1,1
15412,15412,TJ Moe,,WR,836.2,835.1,,,,1,1
15473,15473,Junior Collins,,WR,836.2,835.1,,,,1,1
15595,15595,Maikon Bonani,,K,836.2,835.1,,,,1,1
15601,15601,Jason Schepler,,RB,836.2,835.1,,,,1,1
15791,15791,Danny Hrapmann,,K,836.2,835.1,,,,1,1
15820,15820,Ty Walker,,WR,836.2,835.1,,,,1,1
15840,15840,R Vaughn,,WR,836.2,835.1,,,,1,1
15903,15903,S Benton,,K,836.2,835.1,,,,1,1
16033,16033,Rantavious Wooten,,WR,836.2,835.1,,,,1,1
16038,16038,Roy Finch,,RB,836.2,835.1,,,,1,1
16040,16040,Jeremy Gallon,,WR,836.2,835.1,,,,1,1
16046,16046,Stephen Houston,,RB,836.2,835.1,,,,1,1
16047,16047,Derrick Johnson,,WR,836.2,835.1,,,,1,1
16048,16048,Justin Jones,,TE,836.2,835.1,,,,1,1
16055,16055,Asa Watson,,TE,836.2,835.1,,,,1,1
16069,16069,Terrence Miller,,TE,836.2,835.1,,,,1,1
16076,16076,Chad Young,,RB,836.2,835.1,,,,1,1
16132,16132,Chandler Jones,,WR,836.2,835.1,,,,1,1
16138,16138,James Oboh,,TE,836.2,835.1,,,,1,1
16140,16140,Kenny Shaw,,WR,836.2,835.1,,,,1,1
16152,16152,Brendon Kay,,QB,836.2,835.1,,,,1,1
16160,16160,Eric Waters,,TE,836.2,835.1,,,,1,1
16167,16167,Julian Horton,,WR,836.2,835.1,,,,1,1
16170,16170,Waymon James,,RB,836.2,835.1,,,,1,1
16177,16177,Jaz Reynolds,,WR,836.2,835.1,,,,1,1
16181,16181,Derel Walker,,WR,836.2,835.1,,,,1,1
16188,16188,Lacoltan Bester,,WR,836.2,835.1,,,,1,1
16195,16195,Chris Coyle,,TE,836.2,835.1,,,,1,1
16207,16207,Anthony McClung,,WR,836.2,835.1,,,,1,1
16239,16239,Eric Thomas,,WR,836.2,835.1,,,,1,1
16243,16243,Cam White,,RB,836.2,835.1,,,,1,1
16247,16247,Terrance Cobb,,RB,836.2,835.1,,,,1,1
16256,16256,Reggie Jordan,,RB,836.2,835.1,,,,1,1
16275,16275,Brennan Clay,,RB,836.2,835.1,,,,1,1
16277,16277,Greg Hardin,,WR,836.2,835.1,,,,1,1
16289,16289,Gregory Wilson,,WR,836.2,835.1,,,,1,1
16292,16292,Weston Dressler,,WR,836.2,835.1,,,,1,1
16304,16304,Darryl Surgent,,WR,836.2,835.1,,,,1,1
16313,16313,Mike Davis,,WR,836.2,835.1,,,,1,1
16330,16330,Karl Williams,,RB,836.2,835.1,,,,1,1
16332,16332,DJ Adams,,RB,836.2,835.1,,,,1,1
16336,16336,Brelan Chancellor,,WR,836.2,835.1,,,,1,1
16340,16340,Michael Flacco,,TE,836.2,835.1,,,,1,1
16342,16342,Micah Hatfield,,WR,836.2,835.1,,,,1,1
16371,16371,Jordan Najvar,,TE,836.2,835.1,,,,1,1
16385,16385,Evan Wilson,,TE,836.2,835.1,,,,1,1
16410,16410,Lee Doss,,WR,836.2,835.1,,,,1,1
16413,16413,Cody Hoffman,,WR,836.2,835.1,,,,1,1
16414,16414,Kofi Hughes,,WR,836.2,835.1,,,,1,1
16437,16437,Jordan Lynch,,QB,836.2,835.1,,,,1,1
16447,16447,Chad Abram,,RB,836.2,835.1,,,,1,1
16452,16452,James Franklin,,QB,836.2,835.1,,,,1,1
16482,16482,Colt Lyerla,,TE,836.2,835.1,,,,1,1
16508,16508,AC Leonard,,TE,836.2,835.1,,,,1,1
16509,16509,Erik Lora,,WR,836.2,835.1,,,,1,1
16521,16521,Geraldo Boldewijn,,WR,836.2,835.1,,,,1,1
16527,16527,Maurice Hagens,,RB,836.2,835.1,,,,1,1
16528,16528,Julian Jones,,WR,836.2,835.1,,,,1,1
16535,16535,Jacob Pedersen,,TE,836.2,835.1,,,,1,1
16546,16546,Tramaine Thompson,,WR,836.2,835.1,,,,1,1
16547,16547,Brian Wozniak,,TE,836.2,835.1,,,,1,1
16571,16571,Tim Flanders,,RB,836.2,835.1,,,,1,1
16575,16575,Steve Hull,,WR,836.2,835.1,,,,1,1
16579,16579,Logan Kilgore,,QB,836.2,835.1,,,,1,1
16607,16607,Quintin Payton,,WR,836.2,835.1,,,,1,1
16612,16612,Ian Thompson,,TE,836.2,835.1,,,,1,1
16619,16619,Austin Franklin,,WR,836.2,835.1,,,,1,1
16624,16624,Kadeem Jones,,RB,836.2,835.1,,,,1,1
16639,16639,Zach Bauman,,RB,836.2,835.1,,,,1,1
16645,16645,Tim Cornett,,RB,836.2,835.1,,,,1,1
16702,16702,Jeremy Johnson,,WR,836.2,835.1,,,,1,1
16710,16710,Deon Anthony,,WR,836.2,835.1,,,,1,1
16718,16718,Wilson VanHooser,,WR,836.2,835.1,,,,1,1
16723,16723,Mitch Ewald,,K,836.2,835.1,,,,1,1
16736,16736,Morrell Presley,,WR,836.2,835.1,,,,1,1
16744,16744,Stephen Campbell,,RB,836.2,835.1,,,,1,1
16961,16961,Bud Sasser,,WR,836.2,835.1,,,,1,1
16994,16994,Kenny Hilliard,HOU,RB,836.2,835.1,9,,,1,1
17018,17018,Jerry Lovelocke,,QB,836.2,835.1,,,,1,1
17024,17024,Anthony Boone,,QB,836.2,835.1,,,,1,1
17029,17029,Jean Sifrin,,TE,836.2,835.1,,,,1,1
17031,17031,Bryan Bennett,,QB,836.2,835.1,,,,1,1
17033,17033,Jake Waters,,QB,836.2,835.1,,,,1,1
17034,17034,Donatella Luckett,,WR,836.2,835.1,,,,1,1
17038,17038,DaVaris Daniels,,WR,836.2,835.1,,,,1,1
17041,17041,Cody Fajardo,,QB,836.2,835.1,,,,1,1
17042,17042,Devante Davis,,WR,836.2,835.1,,,,1,1
17043,17043,John Harris,,WR,836.2,835.1,,,,1,1
17046,17046,Jahwan Edwards,,RB,836.2,835.1,,,,1,1
17047,17047,Cole Stoudt,,QB,836.2,835.1,,,,1,1
17049,17049,Austin Hill,,WR,836.2,835.1,,,,1,1
17065,17065,Michael Dyer,,RB,836.2,835.1,,,,1,1
17068,17068,Ricky Seale,,RB,836.2,835.1,,,,1,1
17071,17071,Shane Wynn,,WR,836.2,835.1,,,,1,1
17100,17100,Desmond Martin,,RB,836.2,835.1,,,,1,1
17103,17103,Vernon Johnson,,WR,836.2,835.1,,,,1,1
17104,17104,Jarred Haggins,,WR,836.2,835.1,,,,1,1
17107,17107,Tony Jones,,WR,836.2,835.1,,,,1,1
17118,17118,Ty Long,,K,836.2,835.1,,,,1,1
17119,17119,Phillip Sims,,QB,836.2,835.1,,,,1,1
17140,17140,Damarr Aultman,,WR,836.2,835.1,,,,1,1
17142,17142,Paul Browning,,WR,836.2,835.1,,,,1,1
17152,17152,Corbin Louks,,WR,836.2,835.1,,,,1,1
17166,17166,Abou Toure,,RB,836.2,835.1,,,,1,1
17171,17171,Ezell Ruffin,,WR,836.2,835.1,,,,1,1
17181,17181,Josh Harper,,WR,836.2,835.1,,,,1,1
17190,17190,Jimmay Mundine,,TE,836.2,835.1,,,,1,1
17198,17198,Kenneth Harper,,RB,836.2,835.1,,,,1,1
17201,17201,Kasey Closs,,WR,836.2,835.1,,,,1,1
17216,17216,Kevin Monangai,,RB,836.2,835.1,,,,1,1
17220,17220,Trent Steelman,,WR,836.2,835.1,,,,1,1
17222,17222,Mike Johnson,,WR,836.2,835.1,,,,1,1
17224,17224,Andrew Gleichert,,TE,836.2,835.1,,,,1,1
17235,17235,Jawon Chisholm,,RB,836.2,835.1,,,,1,1
17236,17236,Braylon Heard,,RB,836.2,835.1,,,,1,1
17237,17237,Larry Pinkard,,WR,836.2,835.1,,,,1,1
17238,17238,Harold Spears,,TE,836.2,835.1,,,,1,1
17239,17239,Jimmie Hunt,,WR,836.2,835.1,,,,1,1
17251,17251,Kenzel Doe,,WR,836.2,835.1,,,,1,1
17255,17255,David Porter,,WR,836.2,835.1,,,,1,1
17258,17258,Nigel King,,WR,836.2,835.1,,,,1,1
17268,17268,Mario Hull,,WR,836.2,835.1,,,,1,1
17270,17270,Corey Acosta,,K,836.2,835.1,,,,1,1
17285,17285,Daniel Rodriguez,,WR,836.2,835.1,,,,1,1
17288,17288,Dominique Brown,,RB,836.2,835.1,,,,1,1
17306,17306,Trevor Harman,,WR,836.2,835.1,,,,1,1
17314,17314,Marquez Clark,,WR,836.2,835.1,,,,1,1
17330,17330,Tony Johnson,,K,836.2,835.1,,,,1,1
17333,17333,Julian Howsare,NYJ,RB,836.2,835.1,11,,,1,1
17338,17338,Ray Hamilton,,TE,836.2,835.1,,,,1,1
17343,17343,Tony Creecy,,RB,836.2,835.1,,,,1,1
17347,17347,Isiah Ferguson,,WR,836.2,835.1,,,,1,1
17354,17354,Justin Sinz,,TE,836.2,835.1,,,,1,1
17366,17366,Cameron Clear,,TE,836.2,835.1,,,,1,1
17371,17371,Shane Carden,,QB,836.2,835.1,,,,1,1
17373,17373,Josh Reese,,WR,836.2,835.1,,,,1,1
17377,17377,Beau Gardner,,TE,836.2,835.1,,,,1,1
17379,17379,Justin Manton,,K,836.2,835.1,,,,1,1
17381,17381,Gavin Lutman,,WR,836.2,835.1,,,,1,1
17382,17382,Luke Lundy,,RB,836.2,835.1,,,,1,1
17384,17384,Ify Umodu,,WR,836.2,835.1,,,,1,1
17385,17385,Brian Vogler,,TE,836.2,835.1,,,,1,1
17388,17388,Jeret Smith,,WR,836.2,835.1,,,,1,1
17391,17391,Devin Mahina,,TE,836.2,835.1,,,,1,1
17392,17392,Connor Neighbors,,RB,836.2,835.1,,,,1,1
17393,17393,Gannon Sinclair,,TE,836.2,835.1,,,,1,1
17399,17399,Justin Tukes,,TE,836.2,835.1,,,,1,1
17403,17403,Jonathon Rumph,,WR,836.2,835.1,,,,1,1
17407,17407,Damond Powell,,WR,836.2,835.1,,,,1,1
17408,17408,Cam Worthy,,WR,836.2,835.1,,,,1,1
17410,17410,Javess Blue,,WR,836.2,835.1,,,,1,1
17411,17411,Desmond Lawrence,,WR,836.2,835.1,,,,1,1
17414,17414,Mark Weisman,,RB,836.2,835.1,,,,1,1
17415,17415,Matt Lacosse,,TE,836.2,835.1,,,,1,1
17416,17416,Lee Ward,,RB,836.2,835.1,,,,1,1
17436,17436,Ernst Brun Jr,,TE,836.2,835.1,,,,1,1
17444,17444,Zach D'orazio,,WR,836.2,835.1,,,,1,1
17466,17466,Anthony Ezeakunne,,TE,836.2,835.1,,,,1,1
17477,17477,Jarrod West,,WR,836.2,835.1,,,,1,1
17481,17481,Ross Scheuerman,,RB,836.2,835.1,,,,1,1
17523,17523,Logan Stokes,,TE,836.2,835.1,,,,1,1
17571,17571,James Butler,,WR,836.2,835.1,,,,1,1
17573,17573,Dan Light,,TE,836.2,835.1,,,,1,1
17767,17767,Kendrick Ings,,WR,836.2,835.1,,,,1,1
17906,17906,Xavier Rush,PHI,WR,836.2,835.1,4,,,1,1
17914,17914,Laquon Treadwell,MIN,WR,836.2,835.1,6,,119.1,4,5
17916,17916,Will Fuller,HOU,WR,836.2,835.1,9,,105.6,1,1
17920,17920,Carson Wentz,PHI,QB,836.2,835.1,4,,59.7,1,1
17922,17922,Jared Goff,LA,QB,836.2,835.1,8,,208.6,0,1
17923,17923,Ezekiel Elliott,DAL,RB,836.2,835.1,7,,222.6,48,46
17927,17927,Christian Hackenberg,NYJ,QB,836.2,835.1,11,,,1,1
17929,17929,Paxton Lynch,DEN,QB,836.2,835.1,11,,144.8,0,1
17932,17932,Connor Cook,OAK,QB,836.2,835.1,10,,,1,1
17938,17938,Corey Coleman,CLE,WR,836.2,835.1,13,,129.8,5,7
17939,17939,Josh Doctson,WAS,WR,836.2,835.1,9,,88,0,1
17959,17959,Derrick Henry,TEN,RB,836.2,835.1,13,,91.9,4,1
17960,17960,Michael Thomas,NO,WR,836.2,835.1,5,,100.6,1,2
17961,17961,Sterling Shepard,NYG,WR,836.2,835.1,8,,116.4,4,5
17962,17962,Roberto Aguayo,TB,K,836.2,835.1,6,,124,0,1
17963,17963,Austin Hooper,ATL,TE,836.2,835.1,11,,38.9,1,1
17964,17964,Braxton Miller,HOU,WR,836.2,835.1,9,,50.3,1,0
17965,17965,CJ Prosise,SEA,RB,836.2,835.1,5,,98.4,4,4
17966,17966,Cody Kessler,CLE,QB,836.2,835.1,13,,,1,1
17969,17969,Kenneth Dixon,BAL,RB,836.2,835.1,8,,68.7,0,1
17970,17970,Devontae Booker,DEN,RB,836.2,835.1,11,,74.7,0,0
17971,17971,Cardale Jones,BUF,QB,836.2,835.1,10,,,1,1
17972,17972,Paul Perkins,NYG,RB,836.2,835.1,8,,56,0,0
17974,17974,Trevone Boykin,SEA,WR,836.2,835.1,5,,,1,1
17975,17975,Hunter Henry,SD,TE,836.2,835.1,11,,38.8,1,1
17986,17986,Tyler Boyd,CIN,WR,836.2,835.1,9,,103.7,0,1
18003,18003,Kenyan Drake,MIA,RB,836.2,835.1,8,,88.5,3,3
18014,18014,Leonte Carroo,MIA,WR,836.2,835.1,8,,55,0,0
18018,18018,Jacoby Brissett,NE,QB,836.2,835.1,9,,,1,1
18019,18019,Nick Vannett,SEA,TE,836.2,835.1,5,,,1,1
18030,18030,Chris Moore,BAL,WR,836.2,835.1,8,,42.1,1,0
18032,18032,Tyler Higbee,LA,TE,836.2,835.1,8,,,1,1
18034,18034,Malcolm Mitchell,NE,WR,836.2,835.1,9,,47.7,1,0
18036,18036,Ricardo Louis,CLE,WR,836.2,835.1,13,,55.7,1,0
18039,18039,Pharoh Cooper,LA,WR,836.2,835.1,8,,59.1,0,1
18041,18041,Tyler Ervin,HOU,RB,836.2,835.1,9,,81.8,2,1
18047,18047,Demarcus Robinson,KC,WR,836.2,835.1,5,,28.3,1,1
18055,18055,Dak Prescott,DAL,QB,836.2,835.1,7,,,1,1
18057,18057,Seth Devalve,CLE,WR,836.2,835.1,13,,,1,1
18058,18058,Tajae Sharpe,TEN,WR,836.2,835.1,13,,,1,1
18061,18061,Deandre Washington,OAK,RB,836.2,835.1,10,,65.8,0,0
18067,18067,Jordan Howard,CHI,RB,836.2,835.1,9,,107.3,5,3
18070,18070,Wendell Smallwood,PHI,RB,836.2,835.1,4,,54.1,0,0
18071,18071,Jordan Payton,CLE,WR,836.2,835.1,13,,,1,1
18073,18073,Jonathan Williams,BUF,RB,836.2,835.1,10,,17.4,1,1
18079,18079,Kevin Hogan,KC,QB,836.2,835.1,5,,,1,1
18080,18080,Trevor Davis,GB,WR,836.2,835.1,4,,,1,1
18082,18082,Tyreek Hill,KC,WR,836.2,835.1,5,,,1,1
18088,18088,Alex Collins,SEA,RB,836.2,835.1,5,,19.8,1,1
18089,18089,Rashard Higgins,CLE,WR,836.2,835.1,13,,61.4,0,1
18093,18093,Andy Janovich,DEN,RB,836.2,835.1,11,,,1,1
18094,18094,Temarrick Hemingway,LA,TE,836.2,835.1,8,,,1,1
18097,18097,Moritz Boehringer,MIN,WR,836.2,835.1,6,,,1,1
18099,18099,Keenan Reynolds,BAL,WR,836.2,835.1,8,,,1,1
18101,18101,Jerell Adams,NYG,TE,836.2,835.1,8,,,1,1
18103,18103,Jakeem Grant,MIA,WR,836.2,835.1,8,,,1,1
18104,18104,Nate Sudfeld,WAS,QB,836.2,835.1,9,,,1,1
18105,18105,David Morgan,MIN,TE,836.2,835.1,6,,,1,1
18108,18108,Jake Rudock,DET,QB,836.2,835.1,10,,,1,1
18109,18109,Kolby Listenbee,BUF,WR,836.2,835.1,10,,,1,1
18114,18114,Dan Vitale,TB,RB,836.2,835.1,6,,,1,1
18115,18115,Derek Watt,SD,RB,836.2,835.1,11,,,1,1
18116,18116,Cody Core,CIN,WR,836.2,835.1,9,,,1,1
18118,18118,Brandon Allen,JAX,QB,836.2,835.1,5,,,1,1
18123,18123,Jeff Driskel,SF,QB,836.2,835.1,8,,,1,1
18127,18127,Kelvin Taylor,SF,RB,836.2,835.1,8,,47.7,0,1
18129,18129,Aaron Burbridge,SF,WR,836.2,835.1,8,,,1,1
18132,18132,Darius Jackson,DAL,RB,836.2,835.1,7,,,1,1
18133,18133,Rico Gathers,DAL,TE,836.2,835.1,7,,,1,1
18139,18139,Brandon Doughty,MIA,QB,836.2,835.1,8,,,1,1
18141,18141,Devin Lucien,NE,WR,836.2,835.1,9,,,1,1
18145,18145,Demarcus Ayers,PIT,WR,836.2,835.1,8,,,1,1
18146,18146,Daniel Braverman,CHI,WR,836.2,835.1,9,,,1,1
18147,18147,Thomas Duarte,MIA,TE,836.2,835.1,8,,,1,1
18152,18152,Dwayne Washington,DET,RB,836.2,835.1,10,,,1,1
18153,18153,Daniel Lasco,NO,RB,836.2,835.1,5,,,1,1
18154,18154,Devin Fuller,ATL,WR,836.2,835.1,11,,,1,1
18157,18157,Charone Peake,NYJ,WR,836.2,835.1,11,,,1,1
18158,18158,Keith Marshall,WAS,RB,836.2,835.1,9,,77.2,0,1
18159,18159,Kenny Lawler,SEA,WR,836.2,835.1,5,,,1,1
18163,18163,Zac Brooks,SEA,RB,836.2,835.1,5,,,1,1
18168,18168,Beau Sandland,CAR,TE,836.2,835.1,7,,,1,1
18171,18171,Jake Coker,ARI,QB,836.2,835.1,9,,,1,1
18173,18173,Devon Johnson,CAR,RB,836.2,835.1,7,,,1,1
18181,18181,Mekale Mckay,IND,WR,836.2,835.1,10,,,1,1
18184,18184,Alonzo Russell,CIN,WR,836.2,835.1,9,,,1,1
18187,18187,Robby Anderson,NYJ,WR,836.2,835.1,11,,,1,1
18197,18197,Alex Erickson,CIN,WR,836.2,835.1,9,,,1,1
18204,18204,Josh Woodrum,IND,QB,836.2,835.1,10,,,1,1
18207,18207,Chris Swain,SD,RB,836.2,835.1,11,,,1,1
18209,18209,Marcus Johnson,PHI,WR,836.2,835.1,4,,,1,1
18211,18211,Cayleb Jones,PHI,WR,836.2,835.1,4,,,1,1
18215,18215,Ka'imi Fairbairn,HOU,K,836.2,835.1,9,,,1,1
18217,18217,Josh Ferguson,IND,RB,836.2,835.1,10,,,1,1
18218,18218,Danny Anthrop,IND,WR,836.2,835.1,10,,,1,1
18220,18220,Joel Stave,MIN,QB,836.2,835.1,6,,,1,1
18221,18221,Rashawn Scott,MIA,WR,836.2,835.1,8,,,1,1
18224,18224,Ross Martin,NYJ,K,836.2,835.1,11,,,1,1
18225,18225,Russell Hansbrough,TB,RB,836.2,835.1,6,,,1,1
18226,18226,Jared Dangerfield,NO,WR,836.2,835.1,5,,,1,1
18227,18227,Jhurell Pressley,MIN,RB,836.2,835.1,6,,,1,1
18228,18228,Marquez North,LA,WR,836.2,835.1,8,,,1,1
18229,18229,Ben Braunecker,CHI,TE,836.2,835.1,9,,,1,1
18231,18231,Taylor Bertolet,LA,K,836.2,835.1,8,,,1,1
18234,18234,Paul Mcroberts,LA,WR,836.2,835.1,8,,,1,1
18235,18235,Aaron Green,LA,RB,836.2,835.1,8,,,1,1
18240,18240,Keyarris Garrett,CAR,WR,836.2,835.1,7,,,1,1
18241,18241,Johnny Holton,OAK,WR,836.2,835.1,10,,,1,1
18246,18246,Kyle Carter,MIN,TE,836.2,835.1,6,,,1,1
18249,18249,Nelson Spruce,LA,WR,836.2,835.1,8,,,1,1
18250,18250,Henry Krieger-coble,DEN,TE,836.2,835.1,11,,,1,1
18251,18251,Chris Brown,DAL,WR,836.2,835.1,7,,,1,1
18253,18253,DJ Foster,NE,WR,836.2,835.1,9,,,1,1
18255,18255,Marshall Koehn,MIA,K,836.2,835.1,8,,,1,1
18256,18256,Byron Marshall,PHI,WR,836.2,835.1,4,,,1,1
18257,18257,Jalin Marshall,NYJ,WR,836.2,835.1,11,,,1,1
18261,18261,Mike Bercovici,SD,QB,836.2,835.1,11,,,1,1
18262,18262,Stephen Anderson,HOU,TE,836.2,835.1,9,,,1,1
18263,18263,Darion Griswold,IND,TE,836.2,835.1,10,,,1,1
18266,18266,Devon Cajuste,SF,WR,836.2,835.1,8,,,1,1
18269,18269,Geronimo Allison,GB,WR,836.2,835.1,4,,,1,1
18270,18270,Steven Scheu,NE,TE,836.2,835.1,9,,,1,1
18271,18271,Dom Williams,SD,WR,836.2,835.1,11,,,1,1
18272,18272,Ryan Malleck,NYG,TE,836.2,835.1,8,,,1,1
18275,18275,Glenn Gronkowski,BUF,RB,836.2,835.1,10,,,1,1
18281,18281,KJ Maye,NYG,WR,836.2,835.1,8,,,1,1
18282,18282,Mitch Mathews,KC,WR,836.2,835.1,5,,,1,1
18283,18283,Hunter Sharp,PHI,WR,836.2,835.1,4,,,1,1
18285,18285,Roger Lewis,NYG,WR,836.2,835.1,8,,,1,1
18286,18286,Jay Lee,DET,WR,836.2,835.1,10,,,1,1
18290,18290,Marquise Williams,GB,QB,836.2,835.1,4,,,1,1
18298,18298,Marshaun Coprich,NYG,RB,836.2,835.1,8,,,1,1
18299,18299,Kenneth Farrow,SD,RB,836.2,835.1,11,,,1,1
18307,18307,Jamaal Jones,SD,WR,836.2,835.1,11,,,1,1
18310,18310,Deandre Reaves,SD,WR,836.2,835.1,11,,,1,1
18313,18313,Jay Rome,PIT,TE,836.2,835.1,8,,,1,1
18317,18317,Braedon Bowman,JAX,TE,836.2,835.1,5,,,1,1
18318,18318,Jamal Robinson,JAX,WR,836.2,835.1,5,,,1,1
18322,18322,Max Wittek,JAX,QB,836.2,835.1,5,,,1,1
18323,18323,Wendall Williams,HOU,WR,836.2,835.1,9,,,1,1
18328,18328,Canaan Severin,PIT,WR,836.2,835.1,8,,,1,1
18334,18334,Bryce Williams,NE,TE,836.2,835.1,9,,,1,1
18339,18339,Tre Madden,SEA,RB,836.2,835.1,5,,,1,1
18343,18343,Marken Michel,MIN,WR,836.2,835.1,6,,,1,1
18347,18347,Andrew Bonnet,CIN,RB,836.2,835.1,9,,,1,1
18349,18349,Brandon Wilds,ATL,RB,836.2,835.1,11,,,1,1
18350,18350,John Lunsford,SF,K,836.2,835.1,8,,,1,1
18353,18353,Gary Chambers,BUF,WR,836.2,835.1,10,,,1,1
18354,18354,Davonte Allen,BUF,WR,836.2,835.1,10,,,1,1
18358,18358,Marshall Morgan,BUF,K,836.2,835.1,10,,,1,1
18361,18361,Chester Rogers,IND,WR,836.2,835.1,10,,,1,1
18362,18362,Tevaun Smith,IND,WR,836.2,835.1,10,,,1,1
18363,18363,Marcus Leak,IND,WR,836.2,835.1,10,,,1,1
18368,18368,Mike Miller,IND,TE,836.2,835.1,10,,,1,1
18375,18375,Peyton Barber,TB,RB,836.2,835.1,6,,,1,1
18376,18376,Alan Cross,TB,RB,836.2,835.1,6,,,1,1
18377,18377,Kivon Cartwright,TB,TE,836.2,835.1,6,,,1,1
18384,18384,Dez Stewart,TB,WR,836.2,835.1,6,,,1,1
18393,18393,Amir Carlisle,ARI,WR,836.2,835.1,9,,,1,1
18396,18396,Chris King,ARI,WR,836.2,835.1,9,,,1,1
18399,18399,Hakeem Valles,ARI,TE,836.2,835.1,9,,,1,1
18401,18401,Tommylee Lewis,NO,WR,836.2,835.1,5,,,1,1
18402,18402,Sione Houma,NO,RB,836.2,835.1,5,,,1,1
18407,18407,Bralon Addison,DEN,WR,836.2,835.1,11,,,1,1
18409,18409,Mose Frazier,DEN,WR,836.2,835.1,11,,,1,1
18417,18417,Durron Neal,DEN,WR,836.2,835.1,11,,,1,1
18422,18422,Khalif Raymond,DEN,WR,836.2,835.1,11,,,1,1
18428,18428,Jordan Williams,NO,WR,836.2,835.1,5,,,1,1
18430,18430,Soma Vainuku,HOU,RB,836.2,835.1,9,,,1,1
18440,18440,Jeff Beathard,ARI,WR,836.2,835.1,9,,,1,1
18441,18441,Matt Weiser,SD,TE,836.2,835.1,11,,,1,1
18442,18442,Michael Cooper,WAS,TE,836.2,835.1,9,,,1,1
18443,18443,Maurice Harris,WAS,WR,836.2,835.1,9,,,1,1
18445,18445,Mike Thomas,LA,WR,836.2,835.1,8,,,1,1
18446,18446,Brandon Williams,ATL,TE,836.2,835.1,11,,,1,1
18448,18448,Reginald Diggs,WAS,WR,836.2,835.1,9,,,1,1
18451,18451,Rob Kelley,WAS,RB,836.2,835.1,9,,,1,1
18452,18452,Joe Kerridge,WAS,RB,836.2,835.1,9,,,1,1
18454,18454,Valdez Showers,WAS,WR,836.2,835.1,9,,,1,1
18460,18460,Daje Johnson,ATL,WR,836.2,835.1,11,,,1,1
18464,18464,Jd Mckissic,ATL,WR,836.2,835.1,11,,,1,1
18468,18468,Joshua Perkins,ATL,TE,836.2,835.1,11,,,1,1
18472,18472,David Richards,CLE,WR,836.2,835.1,13,,,1,1
18473,18473,Nick Rose,ATL,K,836.2,835.1,11,,,1,1
18484,18484,Derek Keaton,CHI,WR,836.2,835.1,9,,,1,1
18486,18486,Joe Sommers,CHI,TE,836.2,835.1,9,,,1,1
18488,18488,Tra Carson,CIN,RB,836.2,835.1,9,,,1,1
18490,18490,Antwane Grant,CIN,WR,836.2,835.1,9,,,1,1
18493,18493,Dyshawn Mobley,CIN,RB,836.2,835.1,9,,,1,1
18498,18498,Jp Holtz,CLE,TE,836.2,835.1,13,,,1,1
18501,18501,Patrick Skov,CLE,RB,836.2,835.1,13,,,1,1
18506,18506,Ed Eagan,DAL,WR,836.2,835.1,7,,,1,1
18508,18508,Andy Jones,DAL,WR,836.2,835.1,7,,,1,1
18516,18516,Jace Billingsley,DET,WR,836.2,835.1,10,,,1,1
18517,18517,Quinshad Davis,DET,WR,836.2,835.1,10,,,1,1
18519,18519,Adam Fuehne,DET,TE,836.2,835.1,10,,,1,1
18522,18522,Cole Wick,DET,TE,836.2,835.1,10,,,1,1
18525,18525,Joe Callahan,GB,QB,836.2,835.1,4,,,1,1
18530,18530,Don Jackson,GB,RB,836.2,835.1,4,,,1,1
18535,18535,Dennis Parks,CLE,WR,836.2,835.1,13,,,1,1
18538,18538,Devonte Robinson,GB,WR,836.2,835.1,4,,,1,1
18539,18539,Herb Waters,GB,WR,836.2,835.1,4,,,1,1
18540,18540,Tevin Jones,HOU,WR,836.2,835.1,9,,,1,1
18543,18543,Richard Mullaney,HOU,WR,836.2,835.1,9,,,1,1
18571,18571,Gabe Hughes,MIA,TE,836.2,835.1,8,,,1,1
18574,18574,Brandon Shippen,MIA,WR,836.2,835.1,8,,,1,1
18581,18581,Darius Powe,NYG,WR,836.2,835.1,8,,,1,1
18583,18583,Quenton Bundrage,NYJ,WR,836.2,835.1,11,,,1,1
18587,18587,Jason Vander Laan,NYJ,QB,836.2,835.1,11,,,1,1
18590,18590,Dillon Gordon,PHI,TE,836.2,835.1,4,,,1,1
18593,18593,Cedric O'neal,PHI,RB,836.2,835.1,4,,,1,1
18596,18596,Paul Turner,PHI,WR,836.2,835.1,4,,,1,1
18602,18602,Tanner Mcevoy,SEA,QB,836.2,835.1,5,,,1,1
18611,18611,Bryce Treggs,SF,WR,836.2,835.1,8,,,1,1
18613,18613,David Glidden,ATL,WR,836.2,835.1,11,,,1,1
18616,18616,Chris Hubert,ARI,WR,836.2,835.1,9,,,1,1
18617,18617,Elijhaa Penny,ARI,RB,836.2,835.1,9,,,1,1
18618,18618,Darrin Peterson,CHI,WR,836.2,835.1,9,,,1,1
18619,18619,Jon Brown,CIN,K,836.2,835.1,9,,,1,1
18626,18626,Brandon Burks,GB,RB,836.2,835.1,4,,,1,1
18627,18627,Alstevis Squirewell,GB,RB,836.2,835.1,4,,,1,1
18632,18632,Brandon Brown-dukes,PIT,RB,836.2,835.1,8,,,1,1
18633,18633,Marcus Tucker,PIT,WR,836.2,835.1,8,,,1,1
18642,18642,Alex Ellis,TEN,TE,836.2,835.1,13,,,1,1
18645,18645,Aldrick Rosas,TEN,K,836.2,835.1,13,,,1,1
18652,18652,Cj Ham,MIN,RB,836.2,835.1,6,,,1,1
18654,18654,Kj Brent,OAK,WR,836.2,835.1,10,,,1,1
18660,18660,Maxwell Mccaffrey,OAK,WR,836.2,835.1,10,,,1,1
18662,18662,Ryan O'malley,OAK,TE,836.2,835.1,10,,,1,1
18666,18666,Duke Williams,LA,WR,836.2,835.1,8,,,1,1
18673,18673,Jaydon Mickens,OAK,WR,836.2,835.1,10,,,1,1
18677,18677,Braxton Deaver,CAR,TE,836.2,835.1,7,,,1,1
18679,18679,Miles Shuler,CAR,WR,836.2,835.1,7,,,1,1
18680,18680,Jalen Simmons,CAR,RB,836.2,835.1,7,,,1,1
18682,18682,Kieren Duncan,CHI,WR,836.2,835.1,9,,,1,1
18685,18685,Joe Licata,CIN,QB,836.2,835.1,9,,,1,1
18686,18686,Jake Lampman,NO,WR,836.2,835.1,5,,,1,1
18688,18688,Joe Hansley,OAK,WR,836.2,835.1,10,,,1,1
18690,18690,Jalen Richard,OAK,RB,836.2,835.1,10,,,1,1
18693,18693,Sam Bergen,TEN,RB,836.2,835.1,13,,,1,1
18695,18695,Ben Roberts,TEN,WR,836.2,835.1,13,,,1,1
18699,18699,Kelsey Young,WAS,RB,836.2,835.1,9,,,1,1
18700,18700,Austin Traylor,DAL,TE,836.2,835.1,7,,,1,1
18702,18702,Mj Mcfarland,PHI,TE,836.2,835.1,4,,,1,1
18705,18705,Romar Morris,NYJ,RB,836.2,835.1,11,,,1,1
